customer_id,customer_name,reg_date
1,Customer_1,2022-08-17
2,Customer_2,2022-02-21
3,Customer_3,2023-07-18
4,Customer_4,2023-05-17
5,Customer_5,2023-04-03
6,Customer_6,2022-10-13
7,Customer_7,2022-07-29
8,Customer_8,2025-01-21
9,Customer_9,2022-06-28
10,Customer_10,2025-04-24
11,Customer_11,2024-05-14
12,Customer_12,2022-03-07
13,Customer_13,2022-03-03
14,Customer_14,2022-07-11
15,Customer_15,2023-03-24
16,Customer_16,2023-04-22
17,Customer_17,2024-10-31
18,Customer_18,2025-05-17
19,Customer_19,2022-02-24
20,Customer_20,2025-02-23
21,Customer_21,2023-02-12
22,Customer_22,2025-01-21
23,Customer_23,2024-05-09
24,Customer_24,2023-03-28
25,Customer_25,2024-07-08
26,Customer_26,2025-04-21
27,Customer_27,2023-07-24
28,Customer_28,2022-01-14
29,Customer_29,2022-11-23
30,Customer_30,2024-05-15
31,Customer_31,2023-11-28
32,Customer_32,2023-07-24
33,Customer_33,2022-11-15
34,Customer_34,2023-03-17
35,Customer_35,2023-11-21
36,Customer_36,2022-07-29
37,Customer_37,2022-07-09
38,Customer_38,2024-02-18
39,Customer_39,2022-07-18
40,Customer_40,2024-01-06
41,Customer_41,2023-12-06
42,Customer_42,2025-05-21
43,Customer_43,2023-06-26
44,Customer_44,2022-03-30
45,Customer_45,2024-07-29
46,Customer_46,2025-01-03
47,Customer_47,2022-09-13
48,Customer_48,2024-02-15
49,Customer_49,2022-06-11
50,Customer_50,2025-02-04
51,Customer_51,2023-08-24
52,Customer_52,2025-06-20
53,Customer_53,2024-01-11
54,Customer_54,2025-03-28
55,Customer_55,2023-01-29
56,Customer_56,2022-05-23
57,Customer_57,2022-04-04
58,Customer_58,2023-04-12
59,Customer_59,2023-08-16
60,Customer_60,2022-06-13
61,Customer_61,2023-04-22
62,Customer_62,2022-07-26
63,Customer_63,2024-02-18
64,Customer_64,2023-07-24
65,Customer_65,2024-07-17
66,Customer_66,2024-01-18
67,Customer_67,2022-11-30
68,Customer_68,2024-01-29
69,Customer_69,2023-12-29
70,Customer_70,2023-03-06
71,Customer_71,2023-07-01
72,Customer_72,2022-05-27
73,Customer_73,2025-06-01
74,Customer_74,2022-12-17
75,Customer_75,2024-12-29
76,Customer_76,2023-05-17
77,Customer_77,2022-12-01
78,Customer_78,2024-08-04
79,Customer_79,2024-02-17
80,Customer_80,2023-07-07
81,Customer_81,2025-02-14
82,Customer_82,2023-03-26
83,Customer_83,2023-10-27
84,Customer_84,2022-04-25
85,Customer_85,2023-04-15
86,Customer_86,2022-03-07
87,Customer_87,2023-10-09
88,Customer_88,2024-04-01
89,Customer_89,2023-07-03
90,Customer_90,2022-05-16
91,Customer_91,2023-03-09
92,Customer_92,2025-03-07
93,Customer_93,2023-10-07
94,Customer_94,2023-03-12
95,Customer_95,2024-10-19
96,Customer_96,2024-03-21
97,Customer_97,2024-07-28
98,Customer_98,2022-10-20
99,Customer_99,2023-06-27
100,Customer_100,2022-10-13
101,Customer_101,2023-05-21
102,Customer_102,2025-02-23
103,Customer_103,2025-01-08
104,Customer_104,2023-06-23
105,Customer_105,2025-04-12
106,Customer_106,2024-05-27
107,Customer_107,2025-04-10
108,Customer_108,2024-03-28
109,Customer_109,2024-01-12
110,Customer_110,2023-03-26
111,Customer_111,2022-10-11
112,Customer_112,2024-11-09
113,Customer_113,2024-10-07
114,Customer_114,2022-07-06
115,Customer_115,2022-04-07
116,Customer_116,2022-08-13
117,Customer_117,2022-11-10
118,Customer_118,2022-11-24
119,Customer_119,2024-05-14
120,Customer_120,2025-05-06
121,Customer_121,2022-05-11
122,Customer_122,2024-02-28
123,Customer_123,2024-02-21
124,Customer_124,2025-05-05
125,Customer_125,2024-08-16
126,Customer_126,2024-12-19
127,Customer_127,2023-05-30
128,Customer_128,2025-02-07
129,Customer_129,2022-01-24
130,Customer_130,2022-08-23
131,Customer_131,2025-01-04
132,Customer_132,2023-07-01
133,Customer_133,2023-11-28
134,Customer_134,2022-08-17
135,Customer_135,2023-08-25
136,Customer_136,2024-06-09
137,Customer_137,2022-11-20
138,Customer_138,2024-07-18
139,Customer_139,2022-01-07
140,Customer_140,2023-06-24
141,Customer_141,2024-10-22
142,Customer_142,2023-01-01
143,Customer_143,2024-11-05
144,Customer_144,2022-08-06
145,Customer_145,2023-09-04
146,Customer_146,2024-11-05
147,Customer_147,2025-06-01
148,Customer_148,2023-02-12
149,Customer_149,2022-11-10
150,Customer_150,2024-02-05
151,Customer_151,2022-11-27
152,Customer_152,2025-01-09
153,Customer_153,2024-12-22
154,Customer_154,2022-01-02
155,Customer_155,2025-05-11
156,Customer_156,2023-10-26
157,Customer_157,2024-09-27
158,Customer_158,2022-02-09
159,Customer_159,2022-08-18
160,Customer_160,2024-01-14
161,Customer_161,2023-09-22
162,Customer_162,2023-05-06
163,Customer_163,2022-04-29
164,Customer_164,2023-05-09
165,Customer_165,2025-03-07
166,Customer_166,2022-06-11
167,Customer_167,2022-06-25
168,Customer_168,2024-09-22
169,Customer_169,2022-05-22
170,Customer_170,2024-12-26
171,Customer_171,2022-09-15
172,Customer_172,2022-09-20
173,Customer_173,2024-08-31
174,Customer_174,2025-01-30
175,Customer_175,2022-12-05
176,Customer_176,2023-06-27
177,Customer_177,2024-12-16
178,Customer_178,2025-05-27
179,Customer_179,2024-05-16
180,Customer_180,2023-03-10
181,Customer_181,2025-01-09
182,Customer_182,2023-02-16
183,Customer_183,2023-10-01
184,Customer_184,2024-03-28
185,Customer_185,2024-02-04
186,Customer_186,2024-06-16
187,Customer_187,2024-11-25
188,Customer_188,2024-07-13
189,Customer_189,2022-09-05
190,Customer_190,2023-05-23
191,Customer_191,2023-04-06
192,Customer_192,2022-05-12
193,Customer_193,2023-11-24
194,Customer_194,2022-02-13
195,Customer_195,2025-04-19
196,Customer_196,2025-02-08
197,Customer_197,2023-04-17
198,Customer_198,2025-04-20
199,Customer_199,2023-03-28
200,Customer_200,2022-01-15
201,Customer_201,2022-05-26
202,Customer_202,2022-05-01
203,Customer_203,2023-04-14
204,Customer_204,2022-05-19
205,Customer_205,2022-03-06
206,Customer_206,2023-11-08
207,Customer_207,2022-05-26
208,Customer_208,2024-11-18
209,Customer_209,2023-05-03
210,Customer_210,2023-07-25
211,Customer_211,2024-09-21
212,Customer_212,2023-03-15
213,Customer_213,2025-01-09
214,Customer_214,2022-09-28
215,Customer_215,2025-03-15
216,Customer_216,2025-03-26
217,Customer_217,2024-08-26
218,Customer_218,2023-05-13
219,Customer_219,2024-08-26
220,Customer_220,2024-04-13
221,Customer_221,2023-01-25
222,Customer_222,2022-07-13
223,Customer_223,2022-07-18
224,Customer_224,2024-06-01
225,Customer_225,2023-12-27
226,Customer_226,2024-05-17
227,Customer_227,2024-04-21
228,Customer_228,2024-08-14
229,Customer_229,2022-04-21
230,Customer_230,2022-07-21
231,Customer_231,2022-05-05
232,Customer_232,2024-04-04
233,Customer_233,2023-11-26
234,Customer_234,2022-08-12
235,Customer_235,2023-05-25
236,Customer_236,2023-01-28
237,Customer_237,2023-01-25
238,Customer_238,2025-01-03
239,Customer_239,2024-07-07
240,Customer_240,2022-10-15
241,Customer_241,2024-05-14
242,Customer_242,2023-01-11
243,Customer_243,2023-07-25
244,Customer_244,2024-08-05
245,Customer_245,2023-05-27
246,Customer_246,2022-06-04
247,Customer_247,2024-06-26
248,Customer_248,2025-02-01
249,Customer_249,2022-07-20
250,Customer_250,2022-04-14
251,Customer_251,2025-01-12
252,Customer_252,2022-01-31
253,Customer_253,2022-07-11
254,Customer_254,2023-04-30
255,Customer_255,2022-12-07
256,Customer_256,2024-04-12
257,Customer_257,2024-09-21
258,Customer_258,2024-09-12
259,Customer_259,2023-03-14
260,Customer_260,2024-04-01
261,Customer_261,2022-05-01
262,Customer_262,2022-12-04
263,Customer_263,2024-02-16
264,Customer_264,2022-01-05
265,Customer_265,2024-03-10
266,Customer_266,2023-06-28
267,Customer_267,2024-07-20
268,Customer_268,2023-08-08
269,Customer_269,2024-05-16
270,Customer_270,2025-02-12
271,Customer_271,2024-09-23
272,Customer_272,2022-11-14
273,Customer_273,2023-01-24
274,Customer_274,2023-08-31
275,Customer_275,2023-03-22
276,Customer_276,2022-04-30
277,Customer_277,2025-04-01
278,Customer_278,2025-01-15
279,Customer_279,2022-05-05
280,Customer_280,2023-10-05
281,Customer_281,2022-04-28
282,Customer_282,2022-04-13
283,Customer_283,2025-04-11
284,Customer_284,2024-09-03
285,Customer_285,2024-10-26
286,Customer_286,2024-12-23
287,Customer_287,2022-11-19
288,Customer_288,2022-04-27
289,Customer_289,2024-11-06
290,Customer_290,2022-06-14
291,Customer_291,2023-01-16
292,Customer_292,2022-05-21
293,Customer_293,2025-05-03
294,Customer_294,2022-05-20
295,Customer_295,2023-04-27
296,Customer_296,2024-04-06
297,Customer_297,2022-09-03
298,Customer_298,2025-03-12
299,Customer_299,2023-05-20
300,Customer_300,2025-03-31
301,Customer_301,2025-05-02
302,Customer_302,2022-03-23
303,Customer_303,2025-06-22
304,Customer_304,2022-06-17
305,Customer_305,2024-05-08
306,Customer_306,2025-04-10
307,Customer_307,2025-03-03
308,Customer_308,2024-12-06
309,Customer_309,2023-10-10
310,Customer_310,2023-06-19
311,Customer_311,2023-02-23
312,Customer_312,2023-10-06
313,Customer_313,2023-05-04
314,Customer_314,2023-06-28
315,Customer_315,2024-03-21
316,Customer_316,2022-09-26
317,Customer_317,2023-09-07
318,Customer_318,2024-07-25
319,Customer_319,2023-10-10
320,Customer_320,2022-05-29
321,Customer_321,2022-01-20
322,Customer_322,2024-07-27
323,Customer_323,2025-06-26
324,Customer_324,2025-02-27
325,Customer_325,2022-07-24
326,Customer_326,2022-05-31
327,Customer_327,2025-01-06
328,Customer_328,2023-03-13
329,Customer_329,2024-11-02
330,Customer_330,2023-06-28
331,Customer_331,2022-09-29
332,Customer_332,2023-12-16
333,Customer_333,2022-05-21
334,Customer_334,2023-05-16
335,Customer_335,2024-01-27
336,Customer_336,2023-08-07
337,Customer_337,2022-11-20
338,Customer_338,2024-06-16
339,Customer_339,2025-01-17
340,Customer_340,2023-09-12
341,Customer_341,2025-06-06
342,Customer_342,2024-12-19
343,Customer_343,2022-01-17
344,Customer_344,2025-02-09
345,Customer_345,2023-09-06
346,Customer_346,2022-08-01
347,Customer_347,2022-10-03
348,Customer_348,2023-06-26
349,Customer_349,2022-08-25
350,Customer_350,2022-08-08
351,Customer_351,2025-02-07
352,Customer_352,2022-11-15
353,Customer_353,2023-07-12
354,Customer_354,2023-08-01
355,Customer_355,2025-05-23
356,Customer_356,2023-03-08
357,Customer_357,2023-12-04
358,Customer_358,2023-02-21
359,Customer_359,2023-06-25
360,Customer_360,2024-11-01
361,Customer_361,2024-09-27
362,Customer_362,2023-05-30
363,Customer_363,2022-04-15
364,Customer_364,2022-07-09
365,Customer_365,2024-05-17
366,Customer_366,2023-07-21
367,Customer_367,2022-04-01
368,Customer_368,2022-01-08
369,Customer_369,2023-11-15
370,Customer_370,2022-09-25
371,Customer_371,2023-06-21
372,Customer_372,2022-11-27
373,Customer_373,2024-06-23
374,Customer_374,2025-02-03
375,Customer_375,2024-05-25
376,Customer_376,2025-02-22
377,Customer_377,2022-01-20
378,Customer_378,2022-08-18
379,Customer_379,2022-06-04
380,Customer_380,2022-11-02
381,Customer_381,2025-01-22
382,Customer_382,2022-03-15
383,Customer_383,2024-01-27
384,Customer_384,2025-04-07
385,Customer_385,2025-02-05
386,Customer_386,2022-10-31
387,Customer_387,2024-05-30
388,Customer_388,2022-09-19
389,Customer_389,2022-03-27
390,Customer_390,2023-09-24
391,Customer_391,2024-01-17
392,Customer_392,2022-03-23
393,Customer_393,2024-01-03
394,Customer_394,2023-03-07
395,Customer_395,2023-05-27
396,Customer_396,2022-07-30
397,Customer_397,2023-12-26
398,Customer_398,2025-02-20
399,Customer_399,2024-04-12
400,Customer_400,2025-06-25
401,Customer_401,2022-11-13
402,Customer_402,2023-04-30
403,Customer_403,2022-11-29
404,Customer_404,2022-12-29
405,Customer_405,2024-04-24
406,Customer_406,2022-02-20
407,Customer_407,2023-01-03
408,Customer_408,2023-11-12
409,Customer_409,2024-04-23
410,Customer_410,2023-05-24
411,Customer_411,2023-07-01
412,Customer_412,2022-11-23
413,Customer_413,2022-08-10
414,Customer_414,2024-02-23
415,Customer_415,2022-03-21
416,Customer_416,2024-08-21
417,Customer_417,2023-04-01
418,Customer_418,2023-02-13
419,Customer_419,2024-07-31
420,Customer_420,2023-12-18
421,Customer_421,2023-09-18
422,Customer_422,2023-04-12
423,Customer_423,2023-04-02
424,Customer_424,2022-02-18
425,Customer_425,2023-01-31
426,Customer_426,2024-03-27
427,Customer_427,2023-11-04
428,Customer_428,2023-07-25
429,Customer_429,2022-05-23
430,Customer_430,2023-07-26
431,Customer_431,2023-12-21
432,Customer_432,2024-11-09
433,Customer_433,2024-03-29
434,Customer_434,2025-01-03
435,Customer_435,2023-11-10
436,Customer_436,2022-02-26
437,Customer_437,2022-08-25
438,Customer_438,2023-06-19
439,Customer_439,2023-01-01
440,Customer_440,2025-04-04
441,Customer_441,2023-06-28
442,Customer_442,2022-03-20
443,Customer_443,2022-08-11
444,Customer_444,2025-05-06
445,Customer_445,2024-06-08
446,Customer_446,2023-12-09
447,Customer_447,2023-10-05
448,Customer_448,2024-06-12
449,Customer_449,2025-05-26
450,Customer_450,2024-11-13
451,Customer_451,2022-08-25
452,Customer_452,2024-02-28
453,Customer_453,2025-03-26
454,Customer_454,2023-01-25
455,Customer_455,2023-06-06
456,Customer_456,2022-04-01
457,Customer_457,2024-06-12
458,Customer_458,2022-01-04
459,Customer_459,2024-11-30
460,Customer_460,2025-01-07
461,Customer_461,2023-02-08
462,Customer_462,2024-01-16
463,Customer_463,2024-06-02
464,Customer_464,2022-05-24
465,Customer_465,2023-11-08
466,Customer_466,2025-06-30
467,Customer_467,2023-10-05
468,Customer_468,2022-09-13
469,Customer_469,2023-09-08
470,Customer_470,2024-11-04
471,Customer_471,2023-09-26
472,Customer_472,2024-04-16
473,Customer_473,2023-10-31
474,Customer_474,2024-04-04
475,Customer_475,2023-08-29
476,Customer_476,2025-02-09
477,Customer_477,2022-09-18
478,Customer_478,2023-01-28
479,Customer_479,2024-05-11
480,Customer_480,2024-02-16
481,Customer_481,2022-12-23
482,Customer_482,2025-06-14
483,Customer_483,2025-03-11
484,Customer_484,2023-09-09
485,Customer_485,2024-04-11
486,Customer_486,2025-01-27
487,Customer_487,2022-01-01
488,Customer_488,2023-09-15
489,Customer_489,2023-08-11
490,Customer_490,2023-03-07
491,Customer_491,2024-05-30
492,Customer_492,2025-04-02
493,Customer_493,2025-05-27
494,Customer_494,2023-10-22
495,Customer_495,2024-08-10
496,Customer_496,2024-06-23
497,Customer_497,2024-06-24
498,Customer_498,2023-03-14
499,Customer_499,2024-11-12
500,Customer_500,2024-08-27
501,Customer_501,2022-12-14
502,Customer_502,2022-06-23
503,Customer_503,2023-08-05
504,Customer_504,2024-11-21
505,Customer_505,2025-06-22
506,Customer_506,2023-11-18
507,Customer_507,2022-07-11
508,Customer_508,2023-04-27
509,Customer_509,2023-09-28
510,Customer_510,2023-04-06
511,Customer_511,2023-02-12
512,Customer_512,2022-10-29
513,Customer_513,2022-02-20
514,Customer_514,2022-04-05
515,Customer_515,2023-05-17
516,Customer_516,2024-08-31
517,Customer_517,2025-06-05
518,Customer_518,2022-05-30
519,Customer_519,2024-07-21
520,Customer_520,2024-04-28
521,Customer_521,2025-03-24
522,Customer_522,2023-02-03
523,Customer_523,2024-02-26
524,Customer_524,2024-10-09
525,Customer_525,2024-03-29
526,Customer_526,2023-05-15
527,Customer_527,2022-10-30
528,Customer_528,2022-01-12
529,Customer_529,2022-08-07
530,Customer_530,2024-05-20
531,Customer_531,2023-03-25
532,Customer_532,2022-12-27
533,Customer_533,2024-11-26
534,Customer_534,2024-08-09
535,Customer_535,2022-04-13
536,Customer_536,2025-02-15
537,Customer_537,2023-05-26
538,Customer_538,2022-09-06
539,Customer_539,2024-07-23
540,Customer_540,2022-10-01
541,Customer_541,2024-08-09
542,Customer_542,2024-12-23
543,Customer_543,2025-02-18
544,Customer_544,2025-05-04
545,Customer_545,2023-10-12
546,Customer_546,2024-06-25
547,Customer_547,2025-06-08
548,Customer_548,2024-10-30
549,Customer_549,2024-05-23
550,Customer_550,2025-01-27
551,Customer_551,2024-07-02
552,Customer_552,2022-11-22
553,Customer_553,2024-08-30
554,Customer_554,2024-07-10
555,Customer_555,2023-06-15
556,Customer_556,2023-05-22
557,Customer_557,2023-07-22
558,Customer_558,2024-12-03
559,Customer_559,2024-09-19
560,Customer_560,2023-05-05
561,Customer_561,2023-07-17
562,Customer_562,2024-06-19
563,Customer_563,2022-06-08
564,Customer_564,2023-08-09
565,Customer_565,2023-04-26
566,Customer_566,2023-07-11
567,Customer_567,2023-11-19
568,Customer_568,2023-10-17
569,Customer_569,2025-01-11
570,Customer_570,2022-06-15
571,Customer_571,2022-10-11
572,Customer_572,2022-11-05
573,Customer_573,2023-04-19
574,Customer_574,2024-02-24
575,Customer_575,2022-11-09
576,Customer_576,2023-03-15
577,Customer_577,2022-05-12
578,Customer_578,2024-04-29
579,Customer_579,2024-04-14
580,Customer_580,2023-11-09
581,Customer_581,2025-01-16
582,Customer_582,2024-08-12
583,Customer_583,2024-05-01
584,Customer_584,2022-05-08
585,Customer_585,2023-02-28
586,Customer_586,2024-05-10
587,Customer_587,2024-03-08
588,Customer_588,2025-04-11
589,Customer_589,2022-02-10
590,Customer_590,2025-03-25
591,Customer_591,2024-02-19
592,Customer_592,2024-09-03
593,Customer_593,2022-01-13
594,Customer_594,2023-12-22
595,Customer_595,2023-09-04
596,Customer_596,2024-03-09
597,Customer_597,2024-05-08
598,Customer_598,2025-01-07
599,Customer_599,2025-01-23
600,Customer_600,2025-05-20
601,Customer_601,2023-03-28
602,Customer_602,2024-09-26
603,Customer_603,2023-03-26
604,Customer_604,2023-07-13
605,Customer_605,2024-06-11
606,Customer_606,2024-09-21
607,Customer_607,2022-03-01
608,Customer_608,2024-03-07
609,Customer_609,2023-11-20
610,Customer_610,2024-04-08
611,Customer_611,2022-12-05
612,Customer_612,2024-08-15
613,Customer_613,2022-09-19
614,Customer_614,2025-06-28
615,Customer_615,2024-12-29
616,Customer_616,2022-02-25
617,Customer_617,2024-03-17
618,Customer_618,2025-04-27
619,Customer_619,2025-03-01
620,Customer_620,2022-02-25
621,Customer_621,2022-06-21
622,Customer_622,2024-05-27
623,Customer_623,2022-10-05
624,Customer_624,2024-08-03
625,Customer_625,2023-01-08
626,Customer_626,2022-04-13
627,Customer_627,2023-06-17
628,Customer_628,2024-02-16
629,Customer_629,2023-11-02
630,Customer_630,2023-03-10
631,Customer_631,2024-07-20
632,Customer_632,2023-11-01
633,Customer_633,2023-11-23
634,Customer_634,2024-02-16
635,Customer_635,2023-07-24
636,Customer_636,2024-05-13
637,Customer_637,2023-06-01
638,Customer_638,2022-06-17
639,Customer_639,2024-08-21
640,Customer_640,2022-02-09
641,Customer_641,2025-01-09
642,Customer_642,2022-04-17
643,Customer_643,2023-12-18
644,Customer_644,2023-04-05
645,Customer_645,2022-05-21
646,Customer_646,2022-03-24
647,Customer_647,2022-03-05
648,Customer_648,2023-05-22
649,Customer_649,2023-02-13
650,Customer_650,2022-02-11
651,Customer_651,2025-06-26
652,Customer_652,2022-11-09
653,Customer_653,2023-05-04
654,Customer_654,2022-09-16
655,Customer_655,2024-08-27
656,Customer_656,2022-08-23
657,Customer_657,2025-03-01
658,Customer_658,2023-03-23
659,Customer_659,2024-08-10
660,Customer_660,2023-06-09
661,Customer_661,2024-01-26
662,Customer_662,2022-12-10
663,Customer_663,2025-05-25
664,Customer_664,2025-05-28
665,Customer_665,2022-08-23
666,Customer_666,2022-12-02
667,Customer_667,2023-09-30
668,Customer_668,2022-08-10
669,Customer_669,2025-03-31
670,Customer_670,2022-02-22
671,Customer_671,2023-10-01
672,Customer_672,2025-03-25
673,Customer_673,2024-02-08
674,Customer_674,2024-03-23
675,Customer_675,2023-02-11
676,Customer_676,2022-06-05
677,Customer_677,2025-04-27
678,Customer_678,2023-05-13
679,Customer_679,2022-07-28
680,Customer_680,2023-09-10
681,Customer_681,2025-05-14
682,Customer_682,2022-09-05
683,Customer_683,2025-03-05
684,Customer_684,2022-03-26
685,Customer_685,2023-12-13
686,Customer_686,2024-12-27
687,Customer_687,2024-05-27
688,Customer_688,2024-01-29
689,Customer_689,2022-05-22
690,Customer_690,2024-11-02
691,Customer_691,2023-11-30
692,Customer_692,2022-01-26
693,Customer_693,2024-05-10
694,Customer_694,2024-09-30
695,Customer_695,2022-08-05
696,Customer_696,2024-06-06
697,Customer_697,2024-01-12
698,Customer_698,2024-07-30
699,Customer_699,2022-11-10
700,Customer_700,2024-06-10
701,Customer_701,2022-12-27
702,Customer_702,2024-12-04
703,Customer_703,2023-07-08
704,Customer_704,2025-06-15
705,Customer_705,2025-01-07
706,Customer_706,2024-09-17
707,Customer_707,2024-08-10
708,Customer_708,2024-06-11
709,Customer_709,2025-04-28
710,Customer_710,2023-07-04
711,Customer_711,2023-10-23
712,Customer_712,2023-05-18
713,Customer_713,2022-06-27
714,Customer_714,2023-07-26
715,Customer_715,2024-07-12
716,Customer_716,2023-05-15
717,Customer_717,2024-08-09
718,Customer_718,2025-03-13
719,Customer_719,2025-06-03
720,Customer_720,2024-02-16
721,Customer_721,2023-11-20
722,Customer_722,2022-02-28
723,Customer_723,2024-10-09
724,Customer_724,2023-10-28
725,Customer_725,2023-01-08
726,Customer_726,2024-09-25
727,Customer_727,2023-03-11
728,Customer_728,2023-12-28
729,Customer_729,2023-06-14
730,Customer_730,2023-11-29
731,Customer_731,2023-07-27
732,Customer_732,2025-05-05
733,Customer_733,2023-07-20
734,Customer_734,2025-02-12
735,Customer_735,2022-01-21
736,Customer_736,2024-11-24
737,Customer_737,2023-01-27
738,Customer_738,2022-06-25
739,Customer_739,2023-05-10
740,Customer_740,2024-04-12
741,Customer_741,2024-09-27
742,Customer_742,2025-02-11
743,Customer_743,2023-05-08
744,Customer_744,2024-09-02
745,Customer_745,2024-10-02
746,Customer_746,2024-07-06
747,Customer_747,2022-02-05
748,Customer_748,2022-07-10
749,Customer_749,2023-08-26
750,Customer_750,2023-03-30
751,Customer_751,2024-04-08
752,Customer_752,2023-05-14
753,Customer_753,2023-09-20
754,Customer_754,2025-04-06
755,Customer_755,2024-01-26
756,Customer_756,2024-08-27
757,Customer_757,2025-02-07
758,Customer_758,2024-12-23
759,Customer_759,2023-12-06
760,Customer_760,2024-05-21
761,Customer_761,2025-02-01
762,Customer_762,2023-11-09
763,Customer_763,2023-12-22
764,Customer_764,2024-07-18
765,Customer_765,2023-07-09
766,Customer_766,2023-09-20
767,Customer_767,2023-05-30
768,Customer_768,2023-04-18
769,Customer_769,2022-09-05
770,Customer_770,2023-01-30
771,Customer_771,2023-10-09
772,Customer_772,2022-09-02
773,Customer_773,2025-01-02
774,Customer_774,2023-01-15
775,Customer_775,2023-01-28
776,Customer_776,2023-03-20
777,Customer_777,2024-09-18
778,Customer_778,2023-07-21
779,Customer_779,2025-04-22
780,Customer_780,2024-12-10
781,Customer_781,2025-05-07
782,Customer_782,2023-08-03
783,Customer_783,2022-07-25
784,Customer_784,2023-02-02
785,Customer_785,2023-08-30
786,Customer_786,2023-04-11
787,Customer_787,2024-01-10
788,Customer_788,2023-01-03
789,Customer_789,2023-09-12
790,Customer_790,2022-01-29
791,Customer_791,2024-12-29
792,Customer_792,2022-09-17
793,Customer_793,2023-07-16
794,Customer_794,2022-04-04
795,Customer_795,2022-04-22
796,Customer_796,2025-02-07
797,Customer_797,2023-08-22
798,Customer_798,2022-09-16
799,Customer_799,2024-10-02
800,Customer_800,2022-07-30
801,Customer_801,2022-01-26
802,Customer_802,2025-03-21
803,Customer_803,2023-08-06
804,Customer_804,2024-08-19
805,Customer_805,2024-09-07
806,Customer_806,2024-06-21
807,Customer_807,2023-11-29
808,Customer_808,2023-01-13
809,Customer_809,2022-04-16
810,Customer_810,2023-06-02
811,Customer_811,2024-09-05
812,Customer_812,2022-08-22
813,Customer_813,2022-05-14
814,Customer_814,2024-03-31
815,Customer_815,2024-10-04
816,Customer_816,2022-06-01
817,Customer_817,2025-03-27
818,Customer_818,2022-04-20
819,Customer_819,2022-11-07
820,Customer_820,2022-11-02
821,Customer_821,2025-02-26
822,Customer_822,2023-09-15
823,Customer_823,2022-06-24
824,Customer_824,2023-05-24
825,Customer_825,2022-08-31
826,Customer_826,2025-02-16
827,Customer_827,2024-05-02
828,Customer_828,2025-05-26
829,Customer_829,2025-05-05
830,Customer_830,2025-06-20
831,Customer_831,2023-04-08
832,Customer_832,2024-12-06
833,Customer_833,2024-02-19
834,Customer_834,2024-07-11
835,Customer_835,2024-06-25
836,Customer_836,2023-09-01
837,Customer_837,2025-04-20
838,Customer_838,2024-05-28
839,Customer_839,2023-09-18
840,Customer_840,2025-03-10
841,Customer_841,2025-06-25
842,Customer_842,2022-05-04
843,Customer_843,2025-06-02
844,Customer_844,2022-07-23
845,Customer_845,2023-03-02
846,Customer_846,2023-03-09
847,Customer_847,2023-06-26
848,Customer_848,2022-06-16
849,Customer_849,2022-11-18
850,Customer_850,2023-05-07
851,Customer_851,2022-12-22
852,Customer_852,2025-02-04
853,Customer_853,2022-06-03
854,Customer_854,2022-11-17
855,Customer_855,2022-01-06
856,Customer_856,2024-04-16
857,Customer_857,2024-07-11
858,Customer_858,2025-05-01
859,Customer_859,2024-08-20
860,Customer_860,2023-08-20
861,Customer_861,2022-03-08
862,Customer_862,2023-04-20
863,Customer_863,2023-08-14
864,Customer_864,2023-08-03
865,Customer_865,2024-07-18
866,Customer_866,2022-05-26
867,Customer_867,2023-04-24
868,Customer_868,2023-06-26
869,Customer_869,2025-04-22
870,Customer_870,2023-02-10
871,Customer_871,2024-05-20
872,Customer_872,2022-08-24
873,Customer_873,2025-01-20
874,Customer_874,2023-04-06
875,Customer_875,2022-11-02
876,Customer_876,2023-06-29
877,Customer_877,2022-10-19
878,Customer_878,2022-05-27
879,Customer_879,2022-05-03
880,Customer_880,2022-12-06
881,Customer_881,2023-09-22
882,Customer_882,2025-05-03
883,Customer_883,2025-03-11
884,Customer_884,2023-08-15
885,Customer_885,2024-06-18
886,Customer_886,2022-09-12
887,Customer_887,2024-08-17
888,Customer_888,2023-09-15
889,Customer_889,2024-04-04
890,Customer_890,2023-07-12
891,Customer_891,2024-10-21
892,Customer_892,2025-01-10
893,Customer_893,2024-10-08
894,Customer_894,2024-06-15
895,Customer_895,2022-06-14
896,Customer_896,2025-05-09
897,Customer_897,2022-03-23
898,Customer_898,2024-06-03
899,Customer_899,2023-10-23
900,Customer_900,2025-05-21
901,Customer_901,2023-05-28
902,Customer_902,2022-02-22
903,Customer_903,2022-07-07
904,Customer_904,2023-04-14
905,Customer_905,2025-03-24
906,Customer_906,2025-04-17
907,Customer_907,2022-02-12
908,Customer_908,2023-07-06
909,Customer_909,2025-03-26
910,Customer_910,2022-03-24
911,Customer_911,2022-12-25
912,Customer_912,2024-08-21
913,Customer_913,2024-11-28
914,Customer_914,2024-06-24
915,Customer_915,2023-07-24
916,Customer_916,2023-01-07
917,Customer_917,2025-04-13
918,Customer_918,2024-06-11
919,Customer_919,2024-10-04
920,Customer_920,2022-07-06
921,Customer_921,2024-08-20
922,Customer_922,2023-12-14
923,Customer_923,2024-04-16
924,Customer_924,2023-11-14
925,Customer_925,2023-10-20
926,Customer_926,2022-08-03
927,Customer_927,2022-11-26
928,Customer_928,2023-11-07
929,Customer_929,2024-04-23
930,Customer_930,2024-10-11
931,Customer_931,2023-08-14
932,Customer_932,2024-03-31
933,Customer_933,2025-01-31
934,Customer_934,2022-03-17
935,Customer_935,2024-07-20
936,Customer_936,2022-06-30
937,Customer_937,2023-10-07
938,Customer_938,2023-06-01
939,Customer_939,2023-10-25
940,Customer_940,2022-08-26
941,Customer_941,2024-04-07
942,Customer_942,2024-11-19
943,Customer_943,2022-01-03
944,Customer_944,2025-01-16
945,Customer_945,2024-08-04
946,Customer_946,2024-04-26
947,Customer_947,2022-04-22
948,Customer_948,2023-01-20
949,Customer_949,2024-11-27
950,Customer_950,2024-01-11
951,Customer_951,2025-06-29
952,Customer_952,2024-10-17
953,Customer_953,2024-06-24
954,Customer_954,2022-04-16
955,Customer_955,2023-02-21
956,Customer_956,2023-07-01
957,Customer_957,2025-01-29
958,Customer_958,2022-09-26
959,Customer_959,2023-08-13
960,Customer_960,2024-06-16
961,Customer_961,2024-09-19
962,Customer_962,2022-09-06
963,Customer_963,2022-03-01
964,Customer_964,2025-05-31
965,Customer_965,2023-05-06
966,Customer_966,2022-11-21
967,Customer_967,2023-09-29
968,Customer_968,2025-02-02
969,Customer_969,2022-01-29
970,Customer_970,2025-02-05
971,Customer_971,2024-04-15
972,Customer_972,2022-07-10
973,Customer_973,2023-04-06
974,Customer_974,2022-08-21
975,Customer_975,2024-08-03
976,Customer_976,2022-08-29
977,Customer_977,2022-11-12
978,Customer_978,2024-10-17
979,Customer_979,2023-08-21
980,Customer_980,2024-11-08
981,Customer_981,2023-07-14
982,Customer_982,2024-04-30
983,Customer_983,2024-09-15
984,Customer_984,2024-08-25
985,Customer_985,2023-05-15
986,Customer_986,2024-07-24
987,Customer_987,2025-02-02
988,Customer_988,2022-10-24
989,Customer_989,2024-02-25
990,Customer_990,2023-01-26
991,Customer_991,2025-05-12
992,Customer_992,2024-11-06
993,Customer_993,2022-10-07
994,Customer_994,2022-05-23
995,Customer_995,2023-07-20
996,Customer_996,2024-04-29
997,Customer_997,2023-11-28
998,Customer_998,2024-11-05
999,Customer_999,2023-07-02
1000,Customer_1000,2022-01-06
1001,Customer_1001,2023-08-03
1002,Customer_1002,2023-09-04
1003,Customer_1003,2025-04-17
1004,Customer_1004,2025-04-02
1005,Customer_1005,2024-09-29
1006,Customer_1006,2022-11-01
1007,Customer_1007,2024-07-03
1008,Customer_1008,2025-01-08
1009,Customer_1009,2024-09-18
1010,Customer_1010,2023-12-08
1011,Customer_1011,2023-11-12
1012,Customer_1012,2025-02-04
1013,Customer_1013,2025-01-17
1014,Customer_1014,2024-02-12
1015,Customer_1015,2024-07-21
1016,Customer_1016,2023-10-22
1017,Customer_1017,2023-01-22
1018,Customer_1018,2023-05-05
1019,Customer_1019,2025-03-17
1020,Customer_1020,2024-02-24
1021,Customer_1021,2023-04-24
1022,Customer_1022,2024-04-21
1023,Customer_1023,2022-03-31
1024,Customer_1024,2023-10-14
1025,Customer_1025,2024-08-26
1026,Customer_1026,2024-02-20
1027,Customer_1027,2024-03-01
1028,Customer_1028,2022-11-08
1029,Customer_1029,2024-10-11
1030,Customer_1030,2022-03-17
1031,Customer_1031,2022-09-16
1032,Customer_1032,2024-10-25
1033,Customer_1033,2025-04-23
1034,Customer_1034,2023-11-11
1035,Customer_1035,2022-07-25
1036,Customer_1036,2024-06-20
1037,Customer_1037,2022-07-24
1038,Customer_1038,2024-12-13
1039,Customer_1039,2024-07-24
1040,Customer_1040,2022-02-01
1041,Customer_1041,2022-10-23
1042,Customer_1042,2024-04-19
1043,Customer_1043,2022-11-13
1044,Customer_1044,2022-06-03
1045,Customer_1045,2024-08-19
1046,Customer_1046,2023-06-27
1047,Customer_1047,2023-11-25
1048,Customer_1048,2025-06-30
1049,Customer_1049,2024-03-25
1050,Customer_1050,2022-06-14
1051,Customer_1051,2023-11-04
1052,Customer_1052,2024-12-28
1053,Customer_1053,2024-02-18
1054,Customer_1054,2023-10-11
1055,Customer_1055,2024-09-26
1056,Customer_1056,2025-01-13
1057,Customer_1057,2022-03-15
1058,Customer_1058,2025-06-18
1059,Customer_1059,2022-05-21
1060,Customer_1060,2023-04-26
1061,Customer_1061,2023-08-12
1062,Customer_1062,2023-04-11
1063,Customer_1063,2022-07-05
1064,Customer_1064,2024-06-07
1065,Customer_1065,2022-07-21
1066,Customer_1066,2022-07-25
1067,Customer_1067,2024-06-27
1068,Customer_1068,2022-12-07
1069,Customer_1069,2023-09-06
1070,Customer_1070,2022-03-01
1071,Customer_1071,2022-04-05
1072,Customer_1072,2023-10-27
1073,Customer_1073,2022-04-25
1074,Customer_1074,2023-08-24
1075,Customer_1075,2024-01-05
1076,Customer_1076,2024-02-07
1077,Customer_1077,2024-06-01
1078,Customer_1078,2022-10-26
1079,Customer_1079,2023-05-16
1080,Customer_1080,2024-12-23
1081,Customer_1081,2024-04-23
1082,Customer_1082,2025-03-05
1083,Customer_1083,2023-01-04
1084,Customer_1084,2022-12-15
1085,Customer_1085,2022-12-25
1086,Customer_1086,2022-06-11
1087,Customer_1087,2025-06-02
1088,Customer_1088,2024-02-23
1089,Customer_1089,2025-06-23
1090,Customer_1090,2023-05-09
1091,Customer_1091,2024-10-16
1092,Customer_1092,2025-04-09
1093,Customer_1093,2022-10-21
1094,Customer_1094,2023-04-21
1095,Customer_1095,2024-08-02
1096,Customer_1096,2023-06-05
1097,Customer_1097,2024-07-30
1098,Customer_1098,2023-06-07
1099,Customer_1099,2022-01-20
1100,Customer_1100,2024-08-10
1101,Customer_1101,2023-08-13
1102,Customer_1102,2025-01-24
1103,Customer_1103,2022-11-20
1104,Customer_1104,2022-06-01
1105,Customer_1105,2024-06-23
1106,Customer_1106,2023-12-09
1107,Customer_1107,2025-04-18
1108,Customer_1108,2023-09-05
1109,Customer_1109,2024-05-18
1110,Customer_1110,2023-05-28
1111,Customer_1111,2024-07-24
1112,Customer_1112,2023-09-11
1113,Customer_1113,2023-02-12
1114,Customer_1114,2024-02-27
1115,Customer_1115,2024-09-16
1116,Customer_1116,2022-08-07
1117,Customer_1117,2023-05-01
1118,Customer_1118,2024-02-21
1119,Customer_1119,2025-03-17
1120,Customer_1120,2024-01-06
1121,Customer_1121,2025-03-23
1122,Customer_1122,2023-08-29
1123,Customer_1123,2023-08-28
1124,Customer_1124,2022-02-14
1125,Customer_1125,2024-03-21
1126,Customer_1126,2023-07-17
1127,Customer_1127,2022-01-17
1128,Customer_1128,2025-03-05
1129,Customer_1129,2022-04-11
1130,Customer_1130,2025-05-26
1131,Customer_1131,2024-10-14
1132,Customer_1132,2023-08-10
1133,Customer_1133,2023-04-17
1134,Customer_1134,2025-05-28
1135,Customer_1135,2023-12-23
1136,Customer_1136,2023-03-25
1137,Customer_1137,2023-01-25
1138,Customer_1138,2025-06-25
1139,Customer_1139,2023-05-29
1140,Customer_1140,2022-10-08
1141,Customer_1141,2022-07-18
1142,Customer_1142,2022-03-22
1143,Customer_1143,2023-09-25
1144,Customer_1144,2024-06-21
1145,Customer_1145,2022-03-10
1146,Customer_1146,2025-04-01
1147,Customer_1147,2024-01-18
1148,Customer_1148,2022-09-27
1149,Customer_1149,2022-07-04
1150,Customer_1150,2023-08-28
1151,Customer_1151,2023-11-01
1152,Customer_1152,2024-04-30
1153,Customer_1153,2022-12-26
1154,Customer_1154,2023-02-16
1155,Customer_1155,2022-09-28
1156,Customer_1156,2025-01-09
1157,Customer_1157,2024-01-20
1158,Customer_1158,2024-12-23
1159,Customer_1159,2024-10-24
1160,Customer_1160,2023-07-13
1161,Customer_1161,2022-12-03
1162,Customer_1162,2023-06-11
1163,Customer_1163,2024-09-13
1164,Customer_1164,2023-08-28
1165,Customer_1165,2023-11-25
1166,Customer_1166,2022-08-24
1167,Customer_1167,2024-08-17
1168,Customer_1168,2022-06-04
1169,Customer_1169,2022-10-16
1170,Customer_1170,2023-04-08
1171,Customer_1171,2024-03-24
1172,Customer_1172,2025-02-15
1173,Customer_1173,2024-01-20
1174,Customer_1174,2022-07-04
1175,Customer_1175,2024-03-19
1176,Customer_1176,2022-01-29
1177,Customer_1177,2023-06-26
1178,Customer_1178,2025-01-03
1179,Customer_1179,2022-09-11
1180,Customer_1180,2024-07-20
1181,Customer_1181,2024-01-25
1182,Customer_1182,2023-06-21
1183,Customer_1183,2025-04-12
1184,Customer_1184,2024-02-20
1185,Customer_1185,2024-01-31
1186,Customer_1186,2022-08-10
1187,Customer_1187,2023-04-24
1188,Customer_1188,2024-08-23
1189,Customer_1189,2022-02-21
1190,Customer_1190,2025-06-22
1191,Customer_1191,2025-02-23
1192,Customer_1192,2023-11-03
1193,Customer_1193,2025-06-03
1194,Customer_1194,2023-03-30
1195,Customer_1195,2022-05-10
1196,Customer_1196,2024-08-08
1197,Customer_1197,2023-09-11
1198,Customer_1198,2024-04-16
1199,Customer_1199,2022-08-27
1200,Customer_1200,2022-10-14
1201,Customer_1201,2022-04-03
1202,Customer_1202,2022-03-18
1203,Customer_1203,2023-09-16
1204,Customer_1204,2024-10-05
1205,Customer_1205,2022-08-26
1206,Customer_1206,2022-07-19
1207,Customer_1207,2023-04-26
1208,Customer_1208,2025-01-05
1209,Customer_1209,2022-10-05
1210,Customer_1210,2024-03-06
1211,Customer_1211,2024-07-18
1212,Customer_1212,2024-01-30
1213,Customer_1213,2025-01-11
1214,Customer_1214,2024-05-08
1215,Customer_1215,2025-04-17
1216,Customer_1216,2022-11-13
1217,Customer_1217,2024-04-29
1218,Customer_1218,2022-07-22
1219,Customer_1219,2024-09-29
1220,Customer_1220,2025-06-14
1221,Customer_1221,2024-04-15
1222,Customer_1222,2023-07-27
1223,Customer_1223,2022-03-09
1224,Customer_1224,2024-01-29
1225,Customer_1225,2023-03-21
1226,Customer_1226,2024-06-27
1227,Customer_1227,2024-06-29
1228,Customer_1228,2023-04-29
1229,Customer_1229,2024-01-13
1230,Customer_1230,2022-07-23
1231,Customer_1231,2024-01-23
1232,Customer_1232,2025-01-20
1233,Customer_1233,2024-01-05
1234,Customer_1234,2022-05-05
1235,Customer_1235,2024-03-26
1236,Customer_1236,2023-07-20
1237,Customer_1237,2023-01-24
1238,Customer_1238,2022-09-08
1239,Customer_1239,2024-07-20
1240,Customer_1240,2022-07-07
1241,Customer_1241,2023-03-11
1242,Customer_1242,2025-05-07
1243,Customer_1243,2022-02-13
1244,Customer_1244,2022-04-14
1245,Customer_1245,2023-11-15
1246,Customer_1246,2023-05-14
1247,Customer_1247,2022-09-15
1248,Customer_1248,2025-03-02
1249,Customer_1249,2023-02-25
1250,Customer_1250,2022-05-21
1251,Customer_1251,2025-02-09
1252,Customer_1252,2023-03-01
1253,Customer_1253,2025-04-15
1254,Customer_1254,2023-03-19
1255,Customer_1255,2023-04-23
1256,Customer_1256,2023-11-04
1257,Customer_1257,2022-10-30
1258,Customer_1258,2025-05-05
1259,Customer_1259,2022-01-06
1260,Customer_1260,2023-07-22
1261,Customer_1261,2022-10-24
1262,Customer_1262,2022-09-24
1263,Customer_1263,2025-01-11
1264,Customer_1264,2023-05-29
1265,Customer_1265,2022-12-24
1266,Customer_1266,2022-08-14
1267,Customer_1267,2022-02-22
1268,Customer_1268,2022-09-27
1269,Customer_1269,2022-01-31
1270,Customer_1270,2024-01-04
1271,Customer_1271,2023-05-03
1272,Customer_1272,2025-04-20
1273,Customer_1273,2023-10-26
1274,Customer_1274,2022-02-02
1275,Customer_1275,2022-12-23
1276,Customer_1276,2023-06-28
1277,Customer_1277,2022-04-18
1278,Customer_1278,2022-09-17
1279,Customer_1279,2024-05-12
1280,Customer_1280,2024-12-13
1281,Customer_1281,2022-08-21
1282,Customer_1282,2022-05-11
1283,Customer_1283,2024-09-02
1284,Customer_1284,2024-07-07
1285,Customer_1285,2024-01-12
1286,Customer_1286,2024-11-17
1287,Customer_1287,2025-04-30
1288,Customer_1288,2022-08-12
1289,Customer_1289,2024-07-14
1290,Customer_1290,2024-10-28
1291,Customer_1291,2023-03-30
1292,Customer_1292,2025-06-13
1293,Customer_1293,2022-03-30
1294,Customer_1294,2024-12-03
1295,Customer_1295,2023-09-10
1296,Customer_1296,2024-07-27
1297,Customer_1297,2022-03-05
1298,Customer_1298,2022-05-05
1299,Customer_1299,2024-09-07
1300,Customer_1300,2024-04-02
1301,Customer_1301,2024-05-23
1302,Customer_1302,2022-08-10
1303,Customer_1303,2024-10-01
1304,Customer_1304,2024-06-27
1305,Customer_1305,2022-05-31
1306,Customer_1306,2022-06-15
1307,Customer_1307,2023-10-22
1308,Customer_1308,2025-05-30
1309,Customer_1309,2022-10-31
1310,Customer_1310,2022-05-15
1311,Customer_1311,2022-09-16
1312,Customer_1312,2023-07-18
1313,Customer_1313,2025-04-13
1314,Customer_1314,2025-01-28
1315,Customer_1315,2023-10-28
1316,Customer_1316,2024-02-20
1317,Customer_1317,2025-05-08
1318,Customer_1318,2024-12-22
1319,Customer_1319,2023-08-27
1320,Customer_1320,2024-07-18
1321,Customer_1321,2024-11-01
1322,Customer_1322,2025-05-24
1323,Customer_1323,2024-05-31
1324,Customer_1324,2022-07-23
1325,Customer_1325,2022-08-23
1326,Customer_1326,2025-02-03
1327,Customer_1327,2023-03-17
1328,Customer_1328,2024-05-30
1329,Customer_1329,2024-07-13
1330,Customer_1330,2023-04-13
1331,Customer_1331,2024-04-27
1332,Customer_1332,2023-11-26
1333,Customer_1333,2024-07-17
1334,Customer_1334,2024-03-27
1335,Customer_1335,2024-05-01
1336,Customer_1336,2022-07-14
1337,Customer_1337,2023-10-03
1338,Customer_1338,2024-05-24
1339,Customer_1339,2023-10-03
1340,Customer_1340,2023-06-07
1341,Customer_1341,2024-02-06
1342,Customer_1342,2022-11-09
1343,Customer_1343,2024-08-29
1344,Customer_1344,2022-05-18
1345,Customer_1345,2022-07-06
1346,Customer_1346,2022-06-24
1347,Customer_1347,2022-07-10
1348,Customer_1348,2024-06-03
1349,Customer_1349,2022-07-17
1350,Customer_1350,2024-02-03
1351,Customer_1351,2022-09-24
1352,Customer_1352,2025-02-13
1353,Customer_1353,2022-05-03
1354,Customer_1354,2025-04-16
1355,Customer_1355,2025-02-24
1356,Customer_1356,2025-02-24
1357,Customer_1357,2023-11-07
1358,Customer_1358,2022-09-08
1359,Customer_1359,2024-04-21
1360,Customer_1360,2023-12-26
1361,Customer_1361,2024-05-16
1362,Customer_1362,2022-04-16
1363,Customer_1363,2023-08-13
1364,Customer_1364,2025-05-14
1365,Customer_1365,2023-10-02
1366,Customer_1366,2023-12-22
1367,Customer_1367,2022-08-01
1368,Customer_1368,2025-03-29
1369,Customer_1369,2024-11-05
1370,Customer_1370,2023-03-12
1371,Customer_1371,2022-11-13
1372,Customer_1372,2024-09-14
1373,Customer_1373,2023-04-05
1374,Customer_1374,2022-08-10
1375,Customer_1375,2023-12-19
1376,Customer_1376,2025-02-13
1377,Customer_1377,2024-01-23
1378,Customer_1378,2022-08-24
1379,Customer_1379,2023-07-25
1380,Customer_1380,2025-03-21
1381,Customer_1381,2023-04-09
1382,Customer_1382,2024-05-28
1383,Customer_1383,2025-02-22
1384,Customer_1384,2025-06-27
1385,Customer_1385,2025-06-10
1386,Customer_1386,2025-02-14
1387,Customer_1387,2022-02-23
1388,Customer_1388,2025-06-01
1389,Customer_1389,2023-07-02
1390,Customer_1390,2022-03-01
1391,Customer_1391,2023-01-05
1392,Customer_1392,2023-07-14
1393,Customer_1393,2023-09-25
1394,Customer_1394,2023-11-27
1395,Customer_1395,2023-12-20
1396,Customer_1396,2022-01-13
1397,Customer_1397,2023-01-07
1398,Customer_1398,2022-10-21
1399,Customer_1399,2025-03-05
1400,Customer_1400,2024-03-31
1401,Customer_1401,2022-05-23
1402,Customer_1402,2022-10-18
1403,Customer_1403,2022-03-04
1404,Customer_1404,2022-07-07
1405,Customer_1405,2024-12-22
1406,Customer_1406,2023-03-17
1407,Customer_1407,2024-02-10
1408,Customer_1408,2024-05-09
1409,Customer_1409,2024-07-18
1410,Customer_1410,2023-11-30
1411,Customer_1411,2022-11-19
1412,Customer_1412,2024-01-28
1413,Customer_1413,2023-10-01
1414,Customer_1414,2023-10-27
1415,Customer_1415,2025-03-08
1416,Customer_1416,2025-05-06
1417,Customer_1417,2022-06-23
1418,Customer_1418,2022-04-18
1419,Customer_1419,2022-11-15
1420,Customer_1420,2022-11-19
1421,Customer_1421,2025-06-19
1422,Customer_1422,2022-04-12
1423,Customer_1423,2022-06-17
1424,Customer_1424,2023-07-12
1425,Customer_1425,2024-06-26
1426,Customer_1426,2024-05-18
1427,Customer_1427,2024-09-21
1428,Customer_1428,2025-05-28
1429,Customer_1429,2024-06-24
1430,Customer_1430,2024-04-28
1431,Customer_1431,2023-07-14
1432,Customer_1432,2023-03-18
1433,Customer_1433,2024-11-15
1434,Customer_1434,2022-08-22
1435,Customer_1435,2023-12-08
1436,Customer_1436,2024-05-30
1437,Customer_1437,2022-08-16
1438,Customer_1438,2023-08-04
1439,Customer_1439,2025-04-29
1440,Customer_1440,2024-09-23
1441,Customer_1441,2024-12-15
1442,Customer_1442,2023-09-24
1443,Customer_1443,2022-04-04
1444,Customer_1444,2023-03-28
1445,Customer_1445,2024-03-20
1446,Customer_1446,2025-05-12
1447,Customer_1447,2022-04-23
1448,Customer_1448,2022-01-16
1449,Customer_1449,2023-02-23
1450,Customer_1450,2023-09-10
1451,Customer_1451,2023-03-09
1452,Customer_1452,2022-10-09
1453,Customer_1453,2023-06-08
1454,Customer_1454,2023-08-16
1455,Customer_1455,2023-11-03
1456,Customer_1456,2022-09-03
1457,Customer_1457,2022-01-16
1458,Customer_1458,2024-10-15
1459,Customer_1459,2024-05-31
1460,Customer_1460,2022-12-26
1461,Customer_1461,2022-09-22
1462,Customer_1462,2024-02-18
1463,Customer_1463,2024-12-26
1464,Customer_1464,2023-04-17
1465,Customer_1465,2024-10-21
1466,Customer_1466,2025-02-18
1467,Customer_1467,2023-12-27
1468,Customer_1468,2022-05-28
1469,Customer_1469,2024-03-24
1470,Customer_1470,2022-03-28
1471,Customer_1471,2024-06-12
1472,Customer_1472,2022-02-08
1473,Customer_1473,2024-07-30
1474,Customer_1474,2022-06-09
1475,Customer_1475,2023-10-04
1476,Customer_1476,2025-03-25
1477,Customer_1477,2024-05-29
1478,Customer_1478,2025-03-20
1479,Customer_1479,2024-04-08
1480,Customer_1480,2024-05-05
1481,Customer_1481,2023-08-16
1482,Customer_1482,2022-08-24
1483,Customer_1483,2024-04-09
1484,Customer_1484,2022-02-12
1485,Customer_1485,2023-10-28
1486,Customer_1486,2022-12-18
1487,Customer_1487,2025-06-19
1488,Customer_1488,2024-07-31
1489,Customer_1489,2024-01-12
1490,Customer_1490,2022-06-30
1491,Customer_1491,2024-06-13
1492,Customer_1492,2022-08-05
1493,Customer_1493,2023-05-14
1494,Customer_1494,2024-06-11
1495,Customer_1495,2025-04-21
1496,Customer_1496,2024-03-31
1497,Customer_1497,2024-12-09
1498,Customer_1498,2022-06-11
1499,Customer_1499,2024-03-21
1500,Customer_1500,2023-09-28
1501,Customer_1501,2023-11-27
1502,Customer_1502,2023-03-30
1503,Customer_1503,2023-11-14
1504,Customer_1504,2022-12-11
1505,Customer_1505,2022-06-06
1506,Customer_1506,2024-11-11
1507,Customer_1507,2022-08-22
1508,Customer_1508,2024-12-22
1509,Customer_1509,2024-11-10
1510,Customer_1510,2023-02-02
1511,Customer_1511,2023-12-17
1512,Customer_1512,2023-12-21
1513,Customer_1513,2022-10-30
1514,Customer_1514,2023-04-29
1515,Customer_1515,2022-07-30
1516,Customer_1516,2022-10-27
1517,Customer_1517,2023-06-09
1518,Customer_1518,2023-02-09
1519,Customer_1519,2022-12-22
1520,Customer_1520,2025-05-18
1521,Customer_1521,2022-11-10
1522,Customer_1522,2022-06-04
1523,Customer_1523,2022-12-29
1524,Customer_1524,2024-10-08
1525,Customer_1525,2024-08-08
1526,Customer_1526,2025-02-28
1527,Customer_1527,2025-04-01
1528,Customer_1528,2024-07-08
1529,Customer_1529,2025-03-02
1530,Customer_1530,2023-10-24
1531,Customer_1531,2023-10-10
1532,Customer_1532,2022-11-06
1533,Customer_1533,2024-06-19
1534,Customer_1534,2022-05-20
1535,Customer_1535,2024-08-18
1536,Customer_1536,2024-06-24
1537,Customer_1537,2023-09-13
1538,Customer_1538,2023-07-17
1539,Customer_1539,2025-04-26
1540,Customer_1540,2022-04-26
1541,Customer_1541,2023-12-22
1542,Customer_1542,2024-11-05
1543,Customer_1543,2022-06-01
1544,Customer_1544,2023-09-28
1545,Customer_1545,2024-08-03
1546,Customer_1546,2024-07-14
1547,Customer_1547,2022-03-19
1548,Customer_1548,2022-04-27
1549,Customer_1549,2024-01-26
1550,Customer_1550,2023-08-11
1551,Customer_1551,2022-06-07
1552,Customer_1552,2022-07-04
1553,Customer_1553,2025-06-13
1554,Customer_1554,2025-05-01
1555,Customer_1555,2024-11-04
1556,Customer_1556,2024-02-27
1557,Customer_1557,2024-08-05
1558,Customer_1558,2025-04-03
1559,Customer_1559,2025-02-09
1560,Customer_1560,2022-03-26
1561,Customer_1561,2024-07-10
1562,Customer_1562,2025-03-16
1563,Customer_1563,2023-01-21
1564,Customer_1564,2023-10-21
1565,Customer_1565,2025-05-24
1566,Customer_1566,2024-09-01
1567,Customer_1567,2024-10-23
1568,Customer_1568,2022-11-05
1569,Customer_1569,2022-05-07
1570,Customer_1570,2024-07-11
1571,Customer_1571,2022-07-31
1572,Customer_1572,2023-12-05
1573,Customer_1573,2022-06-22
1574,Customer_1574,2024-10-30
1575,Customer_1575,2022-12-20
1576,Customer_1576,2022-03-22
1577,Customer_1577,2023-05-23
1578,Customer_1578,2024-06-15
1579,Customer_1579,2024-06-18
1580,Customer_1580,2024-12-09
1581,Customer_1581,2024-12-06
1582,Customer_1582,2025-06-02
1583,Customer_1583,2022-11-22
1584,Customer_1584,2024-01-16
1585,Customer_1585,2024-02-03
1586,Customer_1586,2023-08-03
1587,Customer_1587,2024-03-04
1588,Customer_1588,2024-04-17
1589,Customer_1589,2023-11-24
1590,Customer_1590,2025-05-09
1591,Customer_1591,2022-04-18
1592,Customer_1592,2023-11-17
1593,Customer_1593,2022-05-15
1594,Customer_1594,2023-11-07
1595,Customer_1595,2022-07-13
1596,Customer_1596,2025-02-16
1597,Customer_1597,2024-03-02
1598,Customer_1598,2023-08-05
1599,Customer_1599,2023-06-01
1600,Customer_1600,2025-05-19
1601,Customer_1601,2022-11-04
1602,Customer_1602,2023-11-14
1603,Customer_1603,2022-06-16
1604,Customer_1604,2025-04-08
1605,Customer_1605,2022-10-17
1606,Customer_1606,2023-12-18
1607,Customer_1607,2023-09-28
1608,Customer_1608,2024-03-13
1609,Customer_1609,2022-09-22
1610,Customer_1610,2025-05-03
1611,Customer_1611,2022-06-23
1612,Customer_1612,2023-09-27
1613,Customer_1613,2025-02-18
1614,Customer_1614,2024-02-11
1615,Customer_1615,2023-11-04
1616,Customer_1616,2022-09-19
1617,Customer_1617,2024-12-14
1618,Customer_1618,2022-07-11
1619,Customer_1619,2024-05-17
1620,Customer_1620,2024-11-07
1621,Customer_1621,2024-01-12
1622,Customer_1622,2022-02-07
1623,Customer_1623,2024-01-13
1624,Customer_1624,2023-09-25
1625,Customer_1625,2023-01-05
1626,Customer_1626,2023-03-15
1627,Customer_1627,2023-12-01
1628,Customer_1628,2024-09-22
1629,Customer_1629,2023-01-29
1630,Customer_1630,2023-04-09
1631,Customer_1631,2022-10-09
1632,Customer_1632,2022-11-14
1633,Customer_1633,2022-06-08
1634,Customer_1634,2023-08-29
1635,Customer_1635,2022-07-27
1636,Customer_1636,2024-11-05
1637,Customer_1637,2025-01-10
1638,Customer_1638,2024-12-14
1639,Customer_1639,2022-03-19
1640,Customer_1640,2023-11-21
1641,Customer_1641,2025-06-19
1642,Customer_1642,2022-09-26
1643,Customer_1643,2025-05-08
1644,Customer_1644,2024-02-11
1645,Customer_1645,2022-11-12
1646,Customer_1646,2022-11-29
1647,Customer_1647,2023-01-06
1648,Customer_1648,2022-12-06
1649,Customer_1649,2024-06-15
1650,Customer_1650,2022-03-31
1651,Customer_1651,2024-04-21
1652,Customer_1652,2024-01-17
1653,Customer_1653,2023-05-02
1654,Customer_1654,2024-06-28
1655,Customer_1655,2025-06-04
1656,Customer_1656,2023-08-07
1657,Customer_1657,2024-07-08
1658,Customer_1658,2023-04-25
1659,Customer_1659,2024-12-29
1660,Customer_1660,2023-05-05
1661,Customer_1661,2023-09-26
1662,Customer_1662,2024-08-18
1663,Customer_1663,2023-02-02
1664,Customer_1664,2024-01-24
1665,Customer_1665,2025-03-14
1666,Customer_1666,2024-06-21
1667,Customer_1667,2024-08-03
1668,Customer_1668,2023-08-01
1669,Customer_1669,2024-02-22
1670,Customer_1670,2024-10-26
1671,Customer_1671,2024-12-16
1672,Customer_1672,2024-05-07
1673,Customer_1673,2022-11-28
1674,Customer_1674,2023-02-13
1675,Customer_1675,2025-05-23
1676,Customer_1676,2022-10-11
1677,Customer_1677,2023-05-28
1678,Customer_1678,2022-04-17
1679,Customer_1679,2024-09-11
1680,Customer_1680,2024-01-31
1681,Customer_1681,2025-02-09
1682,Customer_1682,2022-07-30
1683,Customer_1683,2024-11-22
1684,Customer_1684,2022-09-13
1685,Customer_1685,2023-08-07
1686,Customer_1686,2022-06-21
1687,Customer_1687,2022-11-25
1688,Customer_1688,2023-07-13
1689,Customer_1689,2024-07-09
1690,Customer_1690,2024-11-17
1691,Customer_1691,2022-10-29
1692,Customer_1692,2024-06-14
1693,Customer_1693,2022-07-07
1694,Customer_1694,2023-03-31
1695,Customer_1695,2024-07-12
1696,Customer_1696,2023-12-17
1697,Customer_1697,2022-02-24
1698,Customer_1698,2024-04-29
1699,Customer_1699,2022-04-20
1700,Customer_1700,2024-03-22
1701,Customer_1701,2024-10-25
1702,Customer_1702,2024-02-05
1703,Customer_1703,2023-04-28
1704,Customer_1704,2024-03-01
1705,Customer_1705,2022-06-17
1706,Customer_1706,2024-02-07
1707,Customer_1707,2023-04-05
1708,Customer_1708,2022-02-27
1709,Customer_1709,2023-10-15
1710,Customer_1710,2022-07-22
1711,Customer_1711,2023-11-18
1712,Customer_1712,2022-10-27
1713,Customer_1713,2022-10-09
1714,Customer_1714,2022-03-20
1715,Customer_1715,2023-08-11
1716,Customer_1716,2024-08-25
1717,Customer_1717,2022-10-12
1718,Customer_1718,2024-08-18
1719,Customer_1719,2024-07-07
1720,Customer_1720,2025-06-14
1721,Customer_1721,2022-01-11
1722,Customer_1722,2022-06-12
1723,Customer_1723,2022-02-08
1724,Customer_1724,2023-06-09
1725,Customer_1725,2023-03-18
1726,Customer_1726,2022-11-03
1727,Customer_1727,2025-01-28
1728,Customer_1728,2025-05-31
1729,Customer_1729,2024-12-16
1730,Customer_1730,2024-05-16
1731,Customer_1731,2022-08-16
1732,Customer_1732,2023-08-14
1733,Customer_1733,2023-05-02
1734,Customer_1734,2023-09-09
1735,Customer_1735,2022-09-07
1736,Customer_1736,2022-04-08
1737,Customer_1737,2023-05-04
1738,Customer_1738,2024-05-09
1739,Customer_1739,2025-06-29
1740,Customer_1740,2024-07-25
1741,Customer_1741,2022-05-09
1742,Customer_1742,2022-08-16
1743,Customer_1743,2024-10-20
1744,Customer_1744,2025-05-07
1745,Customer_1745,2025-01-02
1746,Customer_1746,2022-02-03
1747,Customer_1747,2024-11-21
1748,Customer_1748,2025-03-23
1749,Customer_1749,2023-05-11
1750,Customer_1750,2022-10-22
1751,Customer_1751,2023-08-20
1752,Customer_1752,2024-05-29
1753,Customer_1753,2022-01-04
1754,Customer_1754,2025-06-13
1755,Customer_1755,2023-12-24
1756,Customer_1756,2023-05-08
1757,Customer_1757,2025-03-14
1758,Customer_1758,2024-05-03
1759,Customer_1759,2023-01-19
1760,Customer_1760,2022-06-25
1761,Customer_1761,2024-12-08
1762,Customer_1762,2024-01-09
1763,Customer_1763,2022-05-19
1764,Customer_1764,2024-12-13
1765,Customer_1765,2025-01-19
1766,Customer_1766,2024-11-05
1767,Customer_1767,2024-11-05
1768,Customer_1768,2025-02-08
1769,Customer_1769,2022-02-11
1770,Customer_1770,2024-03-10
1771,Customer_1771,2024-08-20
1772,Customer_1772,2022-03-31
1773,Customer_1773,2024-03-03
1774,Customer_1774,2024-02-04
1775,Customer_1775,2023-06-04
1776,Customer_1776,2022-02-03
1777,Customer_1777,2024-01-02
1778,Customer_1778,2022-05-19
1779,Customer_1779,2023-12-08
1780,Customer_1780,2023-05-09
1781,Customer_1781,2022-08-01
1782,Customer_1782,2025-04-06
1783,Customer_1783,2023-11-12
1784,Customer_1784,2022-10-01
1785,Customer_1785,2022-04-01
1786,Customer_1786,2023-12-23
1787,Customer_1787,2025-01-23
1788,Customer_1788,2023-11-25
1789,Customer_1789,2022-12-25
1790,Customer_1790,2024-08-09
1791,Customer_1791,2024-09-07
1792,Customer_1792,2023-01-09
1793,Customer_1793,2022-10-04
1794,Customer_1794,2022-05-10
1795,Customer_1795,2024-07-26
1796,Customer_1796,2022-03-17
1797,Customer_1797,2023-08-24
1798,Customer_1798,2023-02-17
1799,Customer_1799,2022-03-31
1800,Customer_1800,2023-02-13
1801,Customer_1801,2022-03-27
1802,Customer_1802,2023-10-09
1803,Customer_1803,2023-09-28
1804,Customer_1804,2024-11-21
1805,Customer_1805,2024-03-26
1806,Customer_1806,2025-01-17
1807,Customer_1807,2024-08-27
1808,Customer_1808,2023-06-03
1809,Customer_1809,2022-03-16
1810,Customer_1810,2023-01-27
1811,Customer_1811,2023-08-09
1812,Customer_1812,2024-01-02
1813,Customer_1813,2022-04-08
1814,Customer_1814,2023-11-11
1815,Customer_1815,2023-07-14
1816,Customer_1816,2022-09-12
1817,Customer_1817,2024-01-24
1818,Customer_1818,2024-06-13
1819,Customer_1819,2024-03-30
1820,Customer_1820,2024-06-19
1821,Customer_1821,2024-03-02
1822,Customer_1822,2023-11-26
1823,Customer_1823,2023-01-18
1824,Customer_1824,2024-10-13
1825,Customer_1825,2024-10-15
1826,Customer_1826,2024-01-23
1827,Customer_1827,2024-11-29
1828,Customer_1828,2023-07-01
1829,Customer_1829,2022-06-19
1830,Customer_1830,2024-05-19
1831,Customer_1831,2022-06-11
1832,Customer_1832,2024-05-31
1833,Customer_1833,2025-05-18
1834,Customer_1834,2023-01-05
1835,Customer_1835,2025-01-22
1836,Customer_1836,2023-08-25
1837,Customer_1837,2023-10-20
1838,Customer_1838,2022-07-30
1839,Customer_1839,2022-06-13
1840,Customer_1840,2023-11-03
1841,Customer_1841,2023-08-29
1842,Customer_1842,2023-09-20
1843,Customer_1843,2024-07-02
1844,Customer_1844,2025-05-19
1845,Customer_1845,2024-05-22
1846,Customer_1846,2022-12-08
1847,Customer_1847,2024-06-28
1848,Customer_1848,2023-12-21
1849,Customer_1849,2024-07-04
1850,Customer_1850,2022-03-28
1851,Customer_1851,2023-12-24
1852,Customer_1852,2025-06-13
1853,Customer_1853,2024-06-09
1854,Customer_1854,2023-07-17
1855,Customer_1855,2022-04-28
1856,Customer_1856,2022-06-03
1857,Customer_1857,2024-04-11
1858,Customer_1858,2024-01-15
1859,Customer_1859,2024-11-16
1860,Customer_1860,2022-11-24
1861,Customer_1861,2022-03-05
1862,Customer_1862,2022-10-20
1863,Customer_1863,2025-05-29
1864,Customer_1864,2024-06-16
1865,Customer_1865,2022-03-13
1866,Customer_1866,2022-09-16
1867,Customer_1867,2022-05-18
1868,Customer_1868,2023-04-29
1869,Customer_1869,2024-01-21
1870,Customer_1870,2024-01-12
1871,Customer_1871,2024-02-24
1872,Customer_1872,2025-03-07
1873,Customer_1873,2022-03-08
1874,Customer_1874,2025-05-24
1875,Customer_1875,2022-11-11
1876,Customer_1876,2024-07-10
1877,Customer_1877,2024-01-30
1878,Customer_1878,2024-02-01
1879,Customer_1879,2024-06-28
1880,Customer_1880,2022-06-07
1881,Customer_1881,2025-03-21
1882,Customer_1882,2022-10-09
1883,Customer_1883,2024-12-20
1884,Customer_1884,2024-01-22
1885,Customer_1885,2024-03-26
1886,Customer_1886,2023-10-06
1887,Customer_1887,2023-07-25
1888,Customer_1888,2023-05-27
1889,Customer_1889,2022-08-21
1890,Customer_1890,2022-02-23
1891,Customer_1891,2023-01-17
1892,Customer_1892,2024-10-19
1893,Customer_1893,2024-11-26
1894,Customer_1894,2024-03-03
1895,Customer_1895,2025-02-24
1896,Customer_1896,2022-08-30
1897,Customer_1897,2023-06-21
1898,Customer_1898,2023-06-18
1899,Customer_1899,2024-07-02
1900,Customer_1900,2023-03-16
1901,Customer_1901,2025-06-07
1902,Customer_1902,2023-08-08
1903,Customer_1903,2024-10-02
1904,Customer_1904,2023-02-14
1905,Customer_1905,2022-09-09
1906,Customer_1906,2022-10-05
1907,Customer_1907,2022-06-01
1908,Customer_1908,2024-07-14
1909,Customer_1909,2022-12-20
1910,Customer_1910,2024-06-30
1911,Customer_1911,2022-06-29
1912,Customer_1912,2023-10-17
1913,Customer_1913,2023-12-13
1914,Customer_1914,2022-05-13
1915,Customer_1915,2025-01-31
1916,Customer_1916,2025-01-15
1917,Customer_1917,2023-08-18
1918,Customer_1918,2023-09-07
1919,Customer_1919,2022-11-19
1920,Customer_1920,2022-12-23
1921,Customer_1921,2024-01-11
1922,Customer_1922,2024-11-07
1923,Customer_1923,2023-04-05
1924,Customer_1924,2022-09-06
1925,Customer_1925,2023-02-16
1926,Customer_1926,2022-10-12
1927,Customer_1927,2023-04-30
1928,Customer_1928,2024-10-08
1929,Customer_1929,2022-02-23
1930,Customer_1930,2024-01-10
1931,Customer_1931,2025-02-08
1932,Customer_1932,2025-03-18
1933,Customer_1933,2024-01-26
1934,Customer_1934,2024-08-15
1935,Customer_1935,2025-02-03
1936,Customer_1936,2022-09-23
1937,Customer_1937,2025-06-07
1938,Customer_1938,2022-06-26
1939,Customer_1939,2022-05-15
1940,Customer_1940,2023-09-26
1941,Customer_1941,2024-03-26
1942,Customer_1942,2024-09-07
1943,Customer_1943,2024-12-12
1944,Customer_1944,2024-04-21
1945,Customer_1945,2024-04-18
1946,Customer_1946,2025-03-23
1947,Customer_1947,2022-06-01
1948,Customer_1948,2022-09-14
1949,Customer_1949,2023-10-12
1950,Customer_1950,2022-06-01
1951,Customer_1951,2024-07-10
1952,Customer_1952,2024-08-12
1953,Customer_1953,2024-11-25
1954,Customer_1954,2023-12-07
1955,Customer_1955,2022-09-20
1956,Customer_1956,2025-02-03
1957,Customer_1957,2025-04-18
1958,Customer_1958,2023-01-08
1959,Customer_1959,2022-09-22
1960,Customer_1960,2024-06-05
1961,Customer_1961,2024-10-26
1962,Customer_1962,2022-04-24
1963,Customer_1963,2022-09-12
1964,Customer_1964,2024-11-27
1965,Customer_1965,2022-11-10
1966,Customer_1966,2023-09-15
1967,Customer_1967,2022-12-04
1968,Customer_1968,2022-11-28
1969,Customer_1969,2023-10-23
1970,Customer_1970,2023-04-07
1971,Customer_1971,2023-12-10
1972,Customer_1972,2024-11-28
1973,Customer_1973,2023-08-05
1974,Customer_1974,2022-06-11
1975,Customer_1975,2023-05-29
1976,Customer_1976,2023-02-07
1977,Customer_1977,2025-02-02
1978,Customer_1978,2023-07-17
1979,Customer_1979,2022-09-14
1980,Customer_1980,2023-09-13
1981,Customer_1981,2025-06-12
1982,Customer_1982,2024-12-28
1983,Customer_1983,2022-07-11
1984,Customer_1984,2024-10-26
1985,Customer_1985,2022-12-12
1986,Customer_1986,2025-04-27
1987,Customer_1987,2025-04-04
1988,Customer_1988,2022-11-12
1989,Customer_1989,2022-12-17
1990,Customer_1990,2025-05-24
1991,Customer_1991,2023-11-23
1992,Customer_1992,2025-02-28
1993,Customer_1993,2022-03-26
1994,Customer_1994,2022-02-28
1995,Customer_1995,2022-06-16
1996,Customer_1996,2022-04-04
1997,Customer_1997,2025-03-27
1998,Customer_1998,2023-06-27
1999,Customer_1999,2023-03-08
2000,Customer_2000,2025-03-17
2001,Customer_2001,2024-05-03
2002,Customer_2002,2025-06-19
2003,Customer_2003,2022-03-04
2004,Customer_2004,2024-10-16
2005,Customer_2005,2025-01-22
2006,Customer_2006,2023-08-17
2007,Customer_2007,2023-09-11
2008,Customer_2008,2024-09-16
2009,Customer_2009,2023-05-17
2010,Customer_2010,2024-04-11
2011,Customer_2011,2023-09-02
2012,Customer_2012,2024-07-17
2013,Customer_2013,2022-05-30
2014,Customer_2014,2022-05-03
2015,Customer_2015,2022-11-20
2016,Customer_2016,2024-06-19
2017,Customer_2017,2024-05-01
2018,Customer_2018,2024-09-18
2019,Customer_2019,2024-08-09
2020,Customer_2020,2023-02-22
2021,Customer_2021,2023-11-28
2022,Customer_2022,2025-05-27
2023,Customer_2023,2022-10-22
2024,Customer_2024,2023-10-03
2025,Customer_2025,2023-10-16
2026,Customer_2026,2023-12-09
2027,Customer_2027,2024-03-27
2028,Customer_2028,2022-09-25
2029,Customer_2029,2024-01-29
2030,Customer_2030,2024-11-20
2031,Customer_2031,2025-02-24
2032,Customer_2032,2022-08-06
2033,Customer_2033,2023-10-16
2034,Customer_2034,2023-05-11
2035,Customer_2035,2024-08-13
2036,Customer_2036,2022-09-08
2037,Customer_2037,2023-07-02
2038,Customer_2038,2024-07-09
2039,Customer_2039,2023-05-23
2040,Customer_2040,2022-10-16
2041,Customer_2041,2022-07-18
2042,Customer_2042,2022-04-14
2043,Customer_2043,2023-08-18
2044,Customer_2044,2024-02-26
2045,Customer_2045,2025-06-14
2046,Customer_2046,2024-05-06
2047,Customer_2047,2023-05-24
2048,Customer_2048,2022-11-24
2049,Customer_2049,2023-11-02
2050,Customer_2050,2025-03-29
2051,Customer_2051,2023-10-03
2052,Customer_2052,2023-01-24
2053,Customer_2053,2022-11-23
2054,Customer_2054,2024-10-17
2055,Customer_2055,2024-11-20
2056,Customer_2056,2024-08-14
2057,Customer_2057,2024-10-18
2058,Customer_2058,2023-09-24
2059,Customer_2059,2024-10-15
2060,Customer_2060,2022-02-17
2061,Customer_2061,2022-07-04
2062,Customer_2062,2024-03-16
2063,Customer_2063,2024-11-01
2064,Customer_2064,2024-07-25
2065,Customer_2065,2023-05-09
2066,Customer_2066,2023-03-17
2067,Customer_2067,2025-04-09
2068,Customer_2068,2023-12-24
2069,Customer_2069,2022-04-10
2070,Customer_2070,2022-04-14
2071,Customer_2071,2023-07-31
2072,Customer_2072,2024-10-10
2073,Customer_2073,2025-05-08
2074,Customer_2074,2024-08-21
2075,Customer_2075,2023-08-09
2076,Customer_2076,2025-01-04
2077,Customer_2077,2022-01-17
2078,Customer_2078,2022-08-09
2079,Customer_2079,2024-06-01
2080,Customer_2080,2022-10-02
2081,Customer_2081,2023-06-26
2082,Customer_2082,2024-01-20
2083,Customer_2083,2024-04-05
2084,Customer_2084,2024-01-20
2085,Customer_2085,2022-04-03
2086,Customer_2086,2024-03-31
2087,Customer_2087,2022-04-15
2088,Customer_2088,2025-03-13
2089,Customer_2089,2025-02-24
2090,Customer_2090,2023-02-03
2091,Customer_2091,2024-01-13
2092,Customer_2092,2025-02-07
2093,Customer_2093,2023-08-15
2094,Customer_2094,2022-05-31
2095,Customer_2095,2024-03-02
2096,Customer_2096,2024-10-29
2097,Customer_2097,2024-07-11
2098,Customer_2098,2025-01-31
2099,Customer_2099,2023-07-27
2100,Customer_2100,2025-06-30
2101,Customer_2101,2025-06-05
2102,Customer_2102,2022-09-01
2103,Customer_2103,2022-09-21
2104,Customer_2104,2022-07-18
2105,Customer_2105,2024-03-17
2106,Customer_2106,2024-02-04
2107,Customer_2107,2023-11-26
2108,Customer_2108,2025-02-16
2109,Customer_2109,2024-01-19
2110,Customer_2110,2022-10-23
2111,Customer_2111,2023-02-12
2112,Customer_2112,2025-05-18
2113,Customer_2113,2024-11-08
2114,Customer_2114,2024-04-02
2115,Customer_2115,2024-10-21
2116,Customer_2116,2022-03-24
2117,Customer_2117,2022-04-03
2118,Customer_2118,2022-03-21
2119,Customer_2119,2022-10-08
2120,Customer_2120,2023-11-14
2121,Customer_2121,2024-08-28
2122,Customer_2122,2024-11-29
2123,Customer_2123,2024-07-24
2124,Customer_2124,2022-11-02
2125,Customer_2125,2025-05-26
2126,Customer_2126,2024-11-21
2127,Customer_2127,2022-10-14
2128,Customer_2128,2023-11-03
2129,Customer_2129,2025-06-09
2130,Customer_2130,2023-10-15
2131,Customer_2131,2022-11-29
2132,Customer_2132,2024-03-15
2133,Customer_2133,2025-06-16
2134,Customer_2134,2023-09-05
2135,Customer_2135,2025-04-30
2136,Customer_2136,2023-11-20
2137,Customer_2137,2024-11-04
2138,Customer_2138,2024-11-09
2139,Customer_2139,2024-12-26
2140,Customer_2140,2024-09-30
2141,Customer_2141,2025-02-26
2142,Customer_2142,2023-09-06
2143,Customer_2143,2024-08-30
2144,Customer_2144,2022-02-04
2145,Customer_2145,2024-01-25
2146,Customer_2146,2023-11-10
2147,Customer_2147,2022-08-13
2148,Customer_2148,2024-05-03
2149,Customer_2149,2025-04-10
2150,Customer_2150,2023-09-23
2151,Customer_2151,2022-02-24
2152,Customer_2152,2025-05-07
2153,Customer_2153,2024-08-29
2154,Customer_2154,2023-06-28
2155,Customer_2155,2025-03-30
2156,Customer_2156,2025-03-28
2157,Customer_2157,2023-04-12
2158,Customer_2158,2022-04-16
2159,Customer_2159,2025-04-10
2160,Customer_2160,2024-09-10
2161,Customer_2161,2022-12-16
2162,Customer_2162,2024-12-09
2163,Customer_2163,2025-06-23
2164,Customer_2164,2024-02-18
2165,Customer_2165,2022-10-30
2166,Customer_2166,2023-05-12
2167,Customer_2167,2022-03-06
2168,Customer_2168,2025-03-18
2169,Customer_2169,2022-08-14
2170,Customer_2170,2023-01-26
2171,Customer_2171,2022-02-08
2172,Customer_2172,2024-06-22
2173,Customer_2173,2023-10-05
2174,Customer_2174,2024-05-07
2175,Customer_2175,2022-11-07
2176,Customer_2176,2024-04-25
2177,Customer_2177,2023-02-22
2178,Customer_2178,2024-04-20
2179,Customer_2179,2024-10-24
2180,Customer_2180,2025-06-06
2181,Customer_2181,2024-08-23
2182,Customer_2182,2022-05-08
2183,Customer_2183,2022-10-10
2184,Customer_2184,2024-11-28
2185,Customer_2185,2023-03-01
2186,Customer_2186,2025-02-22
2187,Customer_2187,2023-10-28
2188,Customer_2188,2024-09-06
2189,Customer_2189,2024-12-12
2190,Customer_2190,2024-02-11
2191,Customer_2191,2023-10-05
2192,Customer_2192,2022-12-21
2193,Customer_2193,2024-07-30
2194,Customer_2194,2024-12-27
2195,Customer_2195,2023-12-03
2196,Customer_2196,2025-01-23
2197,Customer_2197,2023-12-27
2198,Customer_2198,2023-06-26
2199,Customer_2199,2025-06-03
2200,Customer_2200,2024-09-18
2201,Customer_2201,2023-01-29
2202,Customer_2202,2023-05-20
2203,Customer_2203,2023-07-26
2204,Customer_2204,2025-02-16
2205,Customer_2205,2023-09-04
2206,Customer_2206,2023-04-06
2207,Customer_2207,2023-09-02
2208,Customer_2208,2023-08-15
2209,Customer_2209,2023-03-01
2210,Customer_2210,2024-09-28
2211,Customer_2211,2023-10-12
2212,Customer_2212,2024-09-09
2213,Customer_2213,2023-12-16
2214,Customer_2214,2025-02-21
2215,Customer_2215,2023-07-15
2216,Customer_2216,2023-08-13
2217,Customer_2217,2022-09-07
2218,Customer_2218,2025-03-20
2219,Customer_2219,2025-01-17
2220,Customer_2220,2024-02-17
2221,Customer_2221,2024-03-19
2222,Customer_2222,2023-12-08
2223,Customer_2223,2022-10-27
2224,Customer_2224,2023-08-18
2225,Customer_2225,2022-03-28
2226,Customer_2226,2023-08-13
2227,Customer_2227,2022-06-11
2228,Customer_2228,2023-12-11
2229,Customer_2229,2024-06-24
2230,Customer_2230,2023-06-10
2231,Customer_2231,2024-09-08
2232,Customer_2232,2023-03-15
2233,Customer_2233,2023-02-18
2234,Customer_2234,2025-01-08
2235,Customer_2235,2023-07-10
2236,Customer_2236,2025-02-25
2237,Customer_2237,2023-07-11
2238,Customer_2238,2022-10-09
2239,Customer_2239,2022-08-12
2240,Customer_2240,2025-06-14
2241,Customer_2241,2025-04-16
2242,Customer_2242,2023-05-06
2243,Customer_2243,2023-05-12
2244,Customer_2244,2022-04-14
2245,Customer_2245,2024-12-23
2246,Customer_2246,2023-04-08
2247,Customer_2247,2023-04-22
2248,Customer_2248,2022-04-18
2249,Customer_2249,2022-07-25
2250,Customer_2250,2024-04-26
2251,Customer_2251,2023-11-08
2252,Customer_2252,2024-08-25
2253,Customer_2253,2022-07-25
2254,Customer_2254,2022-10-09
2255,Customer_2255,2022-01-11
2256,Customer_2256,2025-02-01
2257,Customer_2257,2022-11-20
2258,Customer_2258,2024-04-13
2259,Customer_2259,2024-09-01
2260,Customer_2260,2024-09-04
2261,Customer_2261,2023-02-13
2262,Customer_2262,2023-08-12
2263,Customer_2263,2023-10-20
2264,Customer_2264,2023-08-08
2265,Customer_2265,2022-05-02
2266,Customer_2266,2022-07-03
2267,Customer_2267,2025-03-21
2268,Customer_2268,2023-04-21
2269,Customer_2269,2024-12-31
2270,Customer_2270,2022-03-18
2271,Customer_2271,2022-12-25
2272,Customer_2272,2024-05-05
2273,Customer_2273,2022-12-27
2274,Customer_2274,2022-03-16
2275,Customer_2275,2024-03-24
2276,Customer_2276,2024-10-11
2277,Customer_2277,2023-01-17
2278,Customer_2278,2023-08-16
2279,Customer_2279,2022-03-18
2280,Customer_2280,2022-01-19
2281,Customer_2281,2023-09-04
2282,Customer_2282,2025-03-09
2283,Customer_2283,2025-05-19
2284,Customer_2284,2022-08-08
2285,Customer_2285,2023-11-18
2286,Customer_2286,2023-08-06
2287,Customer_2287,2024-07-19
2288,Customer_2288,2025-01-17
2289,Customer_2289,2024-12-09
2290,Customer_2290,2024-10-08
2291,Customer_2291,2022-10-02
2292,Customer_2292,2024-10-29
2293,Customer_2293,2024-08-16
2294,Customer_2294,2023-07-13
2295,Customer_2295,2023-01-30
2296,Customer_2296,2022-08-19
2297,Customer_2297,2023-11-09
2298,Customer_2298,2022-11-29
2299,Customer_2299,2024-07-28
2300,Customer_2300,2023-06-11
2301,Customer_2301,2023-01-17
2302,Customer_2302,2022-01-29
2303,Customer_2303,2023-11-22
2304,Customer_2304,2023-08-28
2305,Customer_2305,2025-03-08
2306,Customer_2306,2023-01-31
2307,Customer_2307,2022-12-26
2308,Customer_2308,2025-06-05
2309,Customer_2309,2024-04-10
2310,Customer_2310,2024-05-25
2311,Customer_2311,2024-11-21
2312,Customer_2312,2023-11-03
2313,Customer_2313,2022-06-27
2314,Customer_2314,2024-03-31
2315,Customer_2315,2022-07-15
2316,Customer_2316,2023-01-14
2317,Customer_2317,2022-10-15
2318,Customer_2318,2024-09-04
2319,Customer_2319,2023-10-25
2320,Customer_2320,2023-05-24
2321,Customer_2321,2022-01-14
2322,Customer_2322,2023-06-19
2323,Customer_2323,2024-02-25
2324,Customer_2324,2023-04-28
2325,Customer_2325,2024-07-03
2326,Customer_2326,2023-07-01
2327,Customer_2327,2023-11-07
2328,Customer_2328,2023-09-11
2329,Customer_2329,2025-04-07
2330,Customer_2330,2025-03-19
2331,Customer_2331,2022-01-24
2332,Customer_2332,2023-06-20
2333,Customer_2333,2024-01-07
2334,Customer_2334,2023-04-29
2335,Customer_2335,2022-05-08
2336,Customer_2336,2022-08-31
2337,Customer_2337,2024-08-11
2338,Customer_2338,2023-09-21
2339,Customer_2339,2022-11-24
2340,Customer_2340,2024-04-10
2341,Customer_2341,2024-10-26
2342,Customer_2342,2023-09-29
2343,Customer_2343,2022-08-29
2344,Customer_2344,2023-08-28
2345,Customer_2345,2024-01-23
2346,Customer_2346,2025-06-12
2347,Customer_2347,2023-03-29
2348,Customer_2348,2023-03-25
2349,Customer_2349,2022-10-01
2350,Customer_2350,2024-09-06
2351,Customer_2351,2022-11-10
2352,Customer_2352,2024-07-20
2353,Customer_2353,2025-05-25
2354,Customer_2354,2024-02-05
2355,Customer_2355,2024-05-01
2356,Customer_2356,2025-01-29
2357,Customer_2357,2024-08-22
2358,Customer_2358,2025-01-05
2359,Customer_2359,2023-03-24
2360,Customer_2360,2023-05-22
2361,Customer_2361,2025-05-05
2362,Customer_2362,2022-06-17
2363,Customer_2363,2024-12-12
2364,Customer_2364,2024-07-03
2365,Customer_2365,2024-12-17
2366,Customer_2366,2024-01-11
2367,Customer_2367,2022-06-09
2368,Customer_2368,2025-03-01
2369,Customer_2369,2022-08-18
2370,Customer_2370,2022-05-07
2371,Customer_2371,2025-01-26
2372,Customer_2372,2024-11-01
2373,Customer_2373,2023-02-19
2374,Customer_2374,2025-03-18
2375,Customer_2375,2025-01-04
2376,Customer_2376,2022-11-03
2377,Customer_2377,2022-12-03
2378,Customer_2378,2023-11-03
2379,Customer_2379,2024-12-01
2380,Customer_2380,2024-06-23
2381,Customer_2381,2022-08-27
2382,Customer_2382,2023-02-25
2383,Customer_2383,2025-04-09
2384,Customer_2384,2024-09-28
2385,Customer_2385,2022-07-06
2386,Customer_2386,2024-11-11
2387,Customer_2387,2024-07-01
2388,Customer_2388,2022-04-24
2389,Customer_2389,2024-07-17
2390,Customer_2390,2022-09-28
2391,Customer_2391,2024-11-17
2392,Customer_2392,2024-04-30
2393,Customer_2393,2024-07-24
2394,Customer_2394,2025-02-28
2395,Customer_2395,2022-04-29
2396,Customer_2396,2025-02-18
2397,Customer_2397,2024-08-04
2398,Customer_2398,2023-09-24
2399,Customer_2399,2022-02-14
2400,Customer_2400,2024-03-21
2401,Customer_2401,2023-06-06
2402,Customer_2402,2022-01-07
2403,Customer_2403,2023-03-23
2404,Customer_2404,2025-03-30
2405,Customer_2405,2022-05-30
2406,Customer_2406,2022-04-03
2407,Customer_2407,2024-05-17
2408,Customer_2408,2023-12-07
2409,Customer_2409,2022-05-11
2410,Customer_2410,2025-01-13
2411,Customer_2411,2022-05-04
2412,Customer_2412,2022-05-22
2413,Customer_2413,2024-08-24
2414,Customer_2414,2022-03-06
2415,Customer_2415,2023-08-11
2416,Customer_2416,2024-04-17
2417,Customer_2417,2023-01-04
2418,Customer_2418,2022-10-05
2419,Customer_2419,2024-05-10
2420,Customer_2420,2024-02-06
2421,Customer_2421,2024-02-23
2422,Customer_2422,2024-07-07
2423,Customer_2423,2024-02-13
2424,Customer_2424,2024-02-09
2425,Customer_2425,2022-06-14
2426,Customer_2426,2025-01-09
2427,Customer_2427,2022-09-30
2428,Customer_2428,2023-12-14
2429,Customer_2429,2022-08-31
2430,Customer_2430,2023-01-01
2431,Customer_2431,2025-01-05
2432,Customer_2432,2024-03-15
2433,Customer_2433,2024-12-19
2434,Customer_2434,2022-09-18
2435,Customer_2435,2023-04-02
2436,Customer_2436,2022-01-08
2437,Customer_2437,2022-02-16
2438,Customer_2438,2023-09-04
2439,Customer_2439,2024-08-06
2440,Customer_2440,2025-01-20
2441,Customer_2441,2024-05-18
2442,Customer_2442,2024-12-25
2443,Customer_2443,2024-02-16
2444,Customer_2444,2023-04-16
2445,Customer_2445,2023-05-22
2446,Customer_2446,2024-08-01
2447,Customer_2447,2023-12-10
2448,Customer_2448,2022-11-14
2449,Customer_2449,2023-07-19
2450,Customer_2450,2023-01-22
2451,Customer_2451,2022-08-20
2452,Customer_2452,2022-03-07
2453,Customer_2453,2024-05-08
2454,Customer_2454,2025-06-13
2455,Customer_2455,2022-02-02
2456,Customer_2456,2023-05-08
2457,Customer_2457,2023-02-27
2458,Customer_2458,2022-05-18
2459,Customer_2459,2022-07-26
2460,Customer_2460,2025-05-01
2461,Customer_2461,2022-03-10
2462,Customer_2462,2024-07-03
2463,Customer_2463,2025-05-09
2464,Customer_2464,2022-04-10
2465,Customer_2465,2023-05-17
2466,Customer_2466,2022-04-01
2467,Customer_2467,2024-04-03
2468,Customer_2468,2024-06-17
2469,Customer_2469,2023-04-25
2470,Customer_2470,2025-01-10
2471,Customer_2471,2023-03-21
2472,Customer_2472,2022-04-26
2473,Customer_2473,2022-10-14
2474,Customer_2474,2024-10-28
2475,Customer_2475,2023-08-16
2476,Customer_2476,2023-04-25
2477,Customer_2477,2025-03-25
2478,Customer_2478,2023-10-16
2479,Customer_2479,2025-03-28
2480,Customer_2480,2025-05-09
2481,Customer_2481,2023-10-19
2482,Customer_2482,2023-05-01
2483,Customer_2483,2023-09-11
2484,Customer_2484,2022-10-21
2485,Customer_2485,2024-12-03
2486,Customer_2486,2023-03-29
2487,Customer_2487,2024-04-26
2488,Customer_2488,2023-09-08
2489,Customer_2489,2023-07-18
2490,Customer_2490,2022-05-05
2491,Customer_2491,2025-02-14
2492,Customer_2492,2025-04-26
2493,Customer_2493,2022-12-25
2494,Customer_2494,2024-05-24
2495,Customer_2495,2025-02-12
2496,Customer_2496,2024-10-12
2497,Customer_2497,2022-04-07
2498,Customer_2498,2023-12-07
2499,Customer_2499,2024-02-20
2500,Customer_2500,2024-12-10
2501,Customer_2501,2023-10-15
2502,Customer_2502,2024-05-02
2503,Customer_2503,2024-04-16
2504,Customer_2504,2022-11-02
2505,Customer_2505,2023-09-07
2506,Customer_2506,2024-02-10
2507,Customer_2507,2023-01-12
2508,Customer_2508,2025-01-06
2509,Customer_2509,2024-08-27
2510,Customer_2510,2023-05-09
2511,Customer_2511,2023-04-07
2512,Customer_2512,2023-09-08
2513,Customer_2513,2022-10-23
2514,Customer_2514,2024-08-06
2515,Customer_2515,2022-04-29
2516,Customer_2516,2025-02-25
2517,Customer_2517,2024-04-25
2518,Customer_2518,2024-05-03
2519,Customer_2519,2025-02-15
2520,Customer_2520,2024-12-21
2521,Customer_2521,2022-10-02
2522,Customer_2522,2024-03-06
2523,Customer_2523,2023-05-13
2524,Customer_2524,2023-06-07
2525,Customer_2525,2023-02-21
2526,Customer_2526,2023-11-08
2527,Customer_2527,2022-06-11
2528,Customer_2528,2024-07-10
2529,Customer_2529,2024-01-30
2530,Customer_2530,2022-07-09
2531,Customer_2531,2025-01-01
2532,Customer_2532,2023-01-26
2533,Customer_2533,2022-04-16
2534,Customer_2534,2023-07-04
2535,Customer_2535,2024-02-12
2536,Customer_2536,2025-05-23
2537,Customer_2537,2025-05-19
2538,Customer_2538,2022-03-22
2539,Customer_2539,2022-05-30
2540,Customer_2540,2023-01-21
2541,Customer_2541,2025-04-18
2542,Customer_2542,2025-02-18
2543,Customer_2543,2023-03-21
2544,Customer_2544,2024-09-08
2545,Customer_2545,2023-03-04
2546,Customer_2546,2023-11-13
2547,Customer_2547,2023-09-13
2548,Customer_2548,2022-02-01
2549,Customer_2549,2023-03-10
2550,Customer_2550,2023-01-25
2551,Customer_2551,2022-08-29
2552,Customer_2552,2024-09-07
2553,Customer_2553,2023-05-12
2554,Customer_2554,2025-05-22
2555,Customer_2555,2023-02-23
2556,Customer_2556,2024-03-23
2557,Customer_2557,2023-05-06
2558,Customer_2558,2025-02-04
2559,Customer_2559,2023-10-21
2560,Customer_2560,2023-08-03
2561,Customer_2561,2024-02-19
2562,Customer_2562,2024-08-12
2563,Customer_2563,2024-12-28
2564,Customer_2564,2024-01-06
2565,Customer_2565,2023-09-24
2566,Customer_2566,2023-06-20
2567,Customer_2567,2024-01-07
2568,Customer_2568,2024-11-16
2569,Customer_2569,2024-10-15
2570,Customer_2570,2024-08-12
2571,Customer_2571,2022-07-21
2572,Customer_2572,2024-08-19
2573,Customer_2573,2023-10-18
2574,Customer_2574,2023-02-21
2575,Customer_2575,2024-01-30
2576,Customer_2576,2023-10-03
2577,Customer_2577,2024-04-27
2578,Customer_2578,2022-04-04
2579,Customer_2579,2025-02-26
2580,Customer_2580,2023-03-30
2581,Customer_2581,2022-10-26
2582,Customer_2582,2022-02-03
2583,Customer_2583,2023-06-19
2584,Customer_2584,2025-02-07
2585,Customer_2585,2025-04-11
2586,Customer_2586,2025-04-01
2587,Customer_2587,2024-05-05
2588,Customer_2588,2023-08-28
2589,Customer_2589,2022-11-09
2590,Customer_2590,2023-02-06
2591,Customer_2591,2023-11-07
2592,Customer_2592,2023-04-17
2593,Customer_2593,2024-02-17
2594,Customer_2594,2025-03-12
2595,Customer_2595,2023-05-19
2596,Customer_2596,2024-10-19
2597,Customer_2597,2025-02-01
2598,Customer_2598,2023-11-23
2599,Customer_2599,2023-06-12
2600,Customer_2600,2024-09-27
2601,Customer_2601,2024-10-01
2602,Customer_2602,2024-08-01
2603,Customer_2603,2022-12-11
2604,Customer_2604,2023-12-23
2605,Customer_2605,2022-12-13
2606,Customer_2606,2022-10-14
2607,Customer_2607,2025-01-24
2608,Customer_2608,2024-09-27
2609,Customer_2609,2023-01-12
2610,Customer_2610,2025-01-15
2611,Customer_2611,2022-05-01
2612,Customer_2612,2024-12-09
2613,Customer_2613,2022-03-11
2614,Customer_2614,2022-06-02
2615,Customer_2615,2022-04-10
2616,Customer_2616,2022-01-14
2617,Customer_2617,2024-04-24
2618,Customer_2618,2022-10-09
2619,Customer_2619,2023-04-19
2620,Customer_2620,2022-05-20
2621,Customer_2621,2022-11-06
2622,Customer_2622,2022-01-19
2623,Customer_2623,2023-03-24
2624,Customer_2624,2024-11-01
2625,Customer_2625,2024-07-22
2626,Customer_2626,2024-02-04
2627,Customer_2627,2022-05-04
2628,Customer_2628,2025-06-19
2629,Customer_2629,2025-06-16
2630,Customer_2630,2024-09-16
2631,Customer_2631,2024-09-26
2632,Customer_2632,2022-02-02
2633,Customer_2633,2022-01-14
2634,Customer_2634,2024-12-25
2635,Customer_2635,2025-02-03
2636,Customer_2636,2024-04-22
2637,Customer_2637,2022-01-25
2638,Customer_2638,2022-02-04
2639,Customer_2639,2024-12-20
2640,Customer_2640,2023-07-17
2641,Customer_2641,2025-01-02
2642,Customer_2642,2023-08-11
2643,Customer_2643,2022-02-05
2644,Customer_2644,2024-10-25
2645,Customer_2645,2024-05-31
2646,Customer_2646,2023-01-03
2647,Customer_2647,2022-08-08
2648,Customer_2648,2022-07-17
2649,Customer_2649,2024-12-09
2650,Customer_2650,2022-11-01
2651,Customer_2651,2023-05-09
2652,Customer_2652,2023-01-29
2653,Customer_2653,2025-06-23
2654,Customer_2654,2024-12-14
2655,Customer_2655,2023-06-01
2656,Customer_2656,2023-12-27
2657,Customer_2657,2023-07-02
2658,Customer_2658,2024-03-23
2659,Customer_2659,2022-06-11
2660,Customer_2660,2024-02-04
2661,Customer_2661,2024-04-11
2662,Customer_2662,2024-07-29
2663,Customer_2663,2025-03-03
2664,Customer_2664,2023-05-14
2665,Customer_2665,2023-04-08
2666,Customer_2666,2023-09-07
2667,Customer_2667,2022-06-15
2668,Customer_2668,2022-03-06
2669,Customer_2669,2022-07-11
2670,Customer_2670,2024-04-10
2671,Customer_2671,2024-02-16
2672,Customer_2672,2024-02-12
2673,Customer_2673,2025-02-05
2674,Customer_2674,2024-09-01
2675,Customer_2675,2022-04-25
2676,Customer_2676,2022-01-20
2677,Customer_2677,2022-12-17
2678,Customer_2678,2022-06-19
2679,Customer_2679,2024-10-20
2680,Customer_2680,2024-06-07
2681,Customer_2681,2023-11-10
2682,Customer_2682,2025-03-04
2683,Customer_2683,2022-07-15
2684,Customer_2684,2024-12-17
2685,Customer_2685,2022-03-29
2686,Customer_2686,2023-04-16
2687,Customer_2687,2023-03-09
2688,Customer_2688,2025-03-06
2689,Customer_2689,2024-08-31
2690,Customer_2690,2023-07-10
2691,Customer_2691,2022-04-06
2692,Customer_2692,2022-06-02
2693,Customer_2693,2023-07-29
2694,Customer_2694,2025-01-17
2695,Customer_2695,2025-02-28
2696,Customer_2696,2022-03-09
2697,Customer_2697,2023-01-03
2698,Customer_2698,2023-10-07
2699,Customer_2699,2022-02-02
2700,Customer_2700,2023-03-01
2701,Customer_2701,2025-04-17
2702,Customer_2702,2022-10-23
2703,Customer_2703,2024-03-26
2704,Customer_2704,2022-06-07
2705,Customer_2705,2023-09-05
2706,Customer_2706,2022-11-29
2707,Customer_2707,2025-02-28
2708,Customer_2708,2023-05-08
2709,Customer_2709,2025-03-06
2710,Customer_2710,2024-03-07
2711,Customer_2711,2025-01-12
2712,Customer_2712,2023-11-11
2713,Customer_2713,2024-02-26
2714,Customer_2714,2022-10-14
2715,Customer_2715,2022-06-10
2716,Customer_2716,2024-10-22
2717,Customer_2717,2023-12-10
2718,Customer_2718,2022-04-20
2719,Customer_2719,2022-07-20
2720,Customer_2720,2024-06-14
2721,Customer_2721,2023-04-21
2722,Customer_2722,2022-06-05
2723,Customer_2723,2023-11-29
2724,Customer_2724,2025-05-24
2725,Customer_2725,2025-06-11
2726,Customer_2726,2025-05-04
2727,Customer_2727,2024-03-23
2728,Customer_2728,2023-10-31
2729,Customer_2729,2022-03-02
2730,Customer_2730,2023-07-14
2731,Customer_2731,2024-07-11
2732,Customer_2732,2024-10-01
2733,Customer_2733,2023-04-13
2734,Customer_2734,2023-12-30
2735,Customer_2735,2025-02-06
2736,Customer_2736,2024-02-08
2737,Customer_2737,2024-06-03
2738,Customer_2738,2023-01-16
2739,Customer_2739,2025-04-14
2740,Customer_2740,2024-02-18
2741,Customer_2741,2022-06-25
2742,Customer_2742,2025-06-20
2743,Customer_2743,2023-08-28
2744,Customer_2744,2023-05-20
2745,Customer_2745,2022-05-31
2746,Customer_2746,2022-06-18
2747,Customer_2747,2023-07-03
2748,Customer_2748,2022-11-12
2749,Customer_2749,2024-02-18
2750,Customer_2750,2022-11-12
2751,Customer_2751,2024-03-08
2752,Customer_2752,2023-10-11
2753,Customer_2753,2024-01-09
2754,Customer_2754,2022-08-07
2755,Customer_2755,2022-07-07
2756,Customer_2756,2022-01-11
2757,Customer_2757,2023-09-24
2758,Customer_2758,2024-06-29
2759,Customer_2759,2024-01-08
2760,Customer_2760,2023-07-07
2761,Customer_2761,2022-07-29
2762,Customer_2762,2022-09-29
2763,Customer_2763,2022-06-28
2764,Customer_2764,2023-01-19
2765,Customer_2765,2024-06-01
2766,Customer_2766,2024-07-08
2767,Customer_2767,2025-02-14
2768,Customer_2768,2025-02-10
2769,Customer_2769,2024-11-15
2770,Customer_2770,2024-04-15
2771,Customer_2771,2022-07-31
2772,Customer_2772,2022-02-23
2773,Customer_2773,2022-07-03
2774,Customer_2774,2023-12-26
2775,Customer_2775,2025-02-09
2776,Customer_2776,2022-07-10
2777,Customer_2777,2025-05-07
2778,Customer_2778,2025-05-09
2779,Customer_2779,2023-10-27
2780,Customer_2780,2024-02-28
2781,Customer_2781,2022-01-26
2782,Customer_2782,2023-08-21
2783,Customer_2783,2024-04-27
2784,Customer_2784,2024-03-05
2785,Customer_2785,2022-06-23
2786,Customer_2786,2025-02-19
2787,Customer_2787,2023-05-13
2788,Customer_2788,2025-03-17
2789,Customer_2789,2024-12-03
2790,Customer_2790,2022-12-14
2791,Customer_2791,2024-02-19
2792,Customer_2792,2022-12-14
2793,Customer_2793,2022-10-12
2794,Customer_2794,2023-07-05
2795,Customer_2795,2023-09-09
2796,Customer_2796,2023-07-04
2797,Customer_2797,2024-10-06
2798,Customer_2798,2022-10-26
2799,Customer_2799,2022-05-10
2800,Customer_2800,2022-12-09
2801,Customer_2801,2024-06-09
2802,Customer_2802,2023-07-20
2803,Customer_2803,2024-05-12
2804,Customer_2804,2023-09-06
2805,Customer_2805,2024-09-18
2806,Customer_2806,2022-06-07
2807,Customer_2807,2024-01-10
2808,Customer_2808,2023-05-31
2809,Customer_2809,2023-05-21
2810,Customer_2810,2024-10-12
2811,Customer_2811,2025-05-01
2812,Customer_2812,2025-06-16
2813,Customer_2813,2023-02-05
2814,Customer_2814,2024-07-26
2815,Customer_2815,2022-08-08
2816,Customer_2816,2022-10-05
2817,Customer_2817,2023-09-16
2818,Customer_2818,2022-01-14
2819,Customer_2819,2024-03-21
2820,Customer_2820,2023-11-12
2821,Customer_2821,2025-06-24
2822,Customer_2822,2024-02-18
2823,Customer_2823,2023-11-06
2824,Customer_2824,2024-06-20
2825,Customer_2825,2023-11-17
2826,Customer_2826,2024-05-31
2827,Customer_2827,2025-05-02
2828,Customer_2828,2022-10-06
2829,Customer_2829,2023-09-08
2830,Customer_2830,2023-10-19
2831,Customer_2831,2025-05-20
2832,Customer_2832,2023-02-16
2833,Customer_2833,2024-09-08
2834,Customer_2834,2023-10-06
2835,Customer_2835,2022-12-30
2836,Customer_2836,2024-03-26
2837,Customer_2837,2023-10-16
2838,Customer_2838,2023-08-20
2839,Customer_2839,2024-10-02
2840,Customer_2840,2025-03-25
2841,Customer_2841,2023-05-12
2842,Customer_2842,2023-10-30
2843,Customer_2843,2024-02-10
2844,Customer_2844,2023-07-29
2845,Customer_2845,2024-03-15
2846,Customer_2846,2024-01-18
2847,Customer_2847,2022-08-22
2848,Customer_2848,2025-02-28
2849,Customer_2849,2023-02-14
2850,Customer_2850,2025-04-27
2851,Customer_2851,2025-01-22
2852,Customer_2852,2023-01-04
2853,Customer_2853,2025-01-31
2854,Customer_2854,2022-02-25
2855,Customer_2855,2024-08-03
2856,Customer_2856,2023-03-06
2857,Customer_2857,2024-06-16
2858,Customer_2858,2023-08-20
2859,Customer_2859,2022-05-22
2860,Customer_2860,2024-04-17
2861,Customer_2861,2024-10-19
2862,Customer_2862,2022-10-13
2863,Customer_2863,2023-09-13
2864,Customer_2864,2023-05-11
2865,Customer_2865,2023-06-02
2866,Customer_2866,2022-11-12
2867,Customer_2867,2024-05-16
2868,Customer_2868,2024-02-12
2869,Customer_2869,2022-06-01
2870,Customer_2870,2024-07-08
2871,Customer_2871,2025-05-09
2872,Customer_2872,2024-09-08
2873,Customer_2873,2025-04-07
2874,Customer_2874,2024-03-31
2875,Customer_2875,2024-12-30
2876,Customer_2876,2024-11-03
2877,Customer_2877,2024-05-06
2878,Customer_2878,2025-01-18
2879,Customer_2879,2022-03-17
2880,Customer_2880,2024-01-07
2881,Customer_2881,2025-01-04
2882,Customer_2882,2025-05-01
2883,Customer_2883,2022-06-24
2884,Customer_2884,2022-08-12
2885,Customer_2885,2023-05-24
2886,Customer_2886,2023-12-29
2887,Customer_2887,2022-12-07
2888,Customer_2888,2025-06-08
2889,Customer_2889,2022-04-01
2890,Customer_2890,2025-02-27
2891,Customer_2891,2024-03-29
2892,Customer_2892,2023-11-11
2893,Customer_2893,2024-05-31
2894,Customer_2894,2022-08-05
2895,Customer_2895,2022-01-22
2896,Customer_2896,2022-07-21
2897,Customer_2897,2023-06-14
2898,Customer_2898,2023-03-31
2899,Customer_2899,2024-11-11
2900,Customer_2900,2024-11-28
2901,Customer_2901,2025-02-16
2902,Customer_2902,2025-04-03
2903,Customer_2903,2025-03-24
2904,Customer_2904,2023-03-29
2905,Customer_2905,2024-07-01
2906,Customer_2906,2024-02-06
2907,Customer_2907,2024-03-12
2908,Customer_2908,2024-08-06
2909,Customer_2909,2025-04-20
2910,Customer_2910,2024-10-21
2911,Customer_2911,2022-11-05
2912,Customer_2912,2023-12-08
2913,Customer_2913,2022-02-20
2914,Customer_2914,2024-09-15
2915,Customer_2915,2022-08-03
2916,Customer_2916,2023-08-29
2917,Customer_2917,2024-05-01
2918,Customer_2918,2022-06-25
2919,Customer_2919,2022-08-26
2920,Customer_2920,2022-10-18
2921,Customer_2921,2023-12-15
2922,Customer_2922,2023-10-01
2923,Customer_2923,2023-12-04
2924,Customer_2924,2024-07-21
2925,Customer_2925,2023-02-28
2926,Customer_2926,2024-12-03
2927,Customer_2927,2024-09-16
2928,Customer_2928,2023-12-15
2929,Customer_2929,2024-09-02
2930,Customer_2930,2022-07-19
2931,Customer_2931,2024-06-16
2932,Customer_2932,2024-07-15
2933,Customer_2933,2023-10-16
2934,Customer_2934,2022-05-18
2935,Customer_2935,2023-09-07
2936,Customer_2936,2022-04-02
2937,Customer_2937,2022-08-24
2938,Customer_2938,2022-02-16
2939,Customer_2939,2023-12-04
2940,Customer_2940,2022-08-12
2941,Customer_2941,2022-12-03
2942,Customer_2942,2023-05-15
2943,Customer_2943,2024-11-22
2944,Customer_2944,2022-12-24
2945,Customer_2945,2025-02-04
2946,Customer_2946,2022-11-24
2947,Customer_2947,2023-11-09
2948,Customer_2948,2025-02-20
2949,Customer_2949,2024-05-23
2950,Customer_2950,2024-08-04
2951,Customer_2951,2023-04-20
2952,Customer_2952,2024-04-09
2953,Customer_2953,2023-01-13
2954,Customer_2954,2023-01-17
2955,Customer_2955,2024-06-04
2956,Customer_2956,2024-03-21
2957,Customer_2957,2022-03-01
2958,Customer_2958,2025-06-11
2959,Customer_2959,2023-02-09
2960,Customer_2960,2024-07-09
2961,Customer_2961,2025-04-27
2962,Customer_2962,2024-05-29
2963,Customer_2963,2024-03-07
2964,Customer_2964,2022-01-10
2965,Customer_2965,2023-03-16
2966,Customer_2966,2023-02-26
2967,Customer_2967,2023-07-25
2968,Customer_2968,2022-05-09
2969,Customer_2969,2025-03-28
2970,Customer_2970,2022-07-28
2971,Customer_2971,2025-01-04
2972,Customer_2972,2023-01-18
2973,Customer_2973,2024-01-20
2974,Customer_2974,2023-10-30
2975,Customer_2975,2023-02-08
2976,Customer_2976,2024-07-26
2977,Customer_2977,2022-08-22
2978,Customer_2978,2023-06-22
2979,Customer_2979,2024-09-29
2980,Customer_2980,2024-12-16
2981,Customer_2981,2023-10-04
2982,Customer_2982,2025-05-07
2983,Customer_2983,2024-03-06
2984,Customer_2984,2025-06-05
2985,Customer_2985,2024-03-14
2986,Customer_2986,2025-04-17
2987,Customer_2987,2022-08-22
2988,Customer_2988,2023-12-14
2989,Customer_2989,2023-12-22
2990,Customer_2990,2024-07-26
2991,Customer_2991,2025-06-18
2992,Customer_2992,2022-12-20
2993,Customer_2993,2023-09-02
2994,Customer_2994,2025-06-12
2995,Customer_2995,2025-04-23
2996,Customer_2996,2022-06-23
2997,Customer_2997,2022-10-02
2998,Customer_2998,2023-10-04
2999,Customer_2999,2022-08-30
3000,Customer_3000,2023-05-04
3001,Customer_3001,2023-09-18
3002,Customer_3002,2022-08-28
3003,Customer_3003,2023-01-10
3004,Customer_3004,2024-02-04
3005,Customer_3005,2022-10-17
3006,Customer_3006,2024-11-12
3007,Customer_3007,2024-03-06
3008,Customer_3008,2024-05-06
3009,Customer_3009,2025-05-06
3010,Customer_3010,2022-10-10
3011,Customer_3011,2025-03-23
3012,Customer_3012,2024-02-25
3013,Customer_3013,2024-05-16
3014,Customer_3014,2023-01-16
3015,Customer_3015,2024-09-23
3016,Customer_3016,2025-01-05
3017,Customer_3017,2022-12-21
3018,Customer_3018,2025-02-10
3019,Customer_3019,2022-12-08
3020,Customer_3020,2024-09-29
3021,Customer_3021,2023-08-15
3022,Customer_3022,2022-10-15
3023,Customer_3023,2023-01-19
3024,Customer_3024,2023-10-07
3025,Customer_3025,2024-07-12
3026,Customer_3026,2025-06-22
3027,Customer_3027,2022-04-20
3028,Customer_3028,2024-01-06
3029,Customer_3029,2022-01-20
3030,Customer_3030,2024-09-19
3031,Customer_3031,2022-10-07
3032,Customer_3032,2023-02-04
3033,Customer_3033,2024-02-26
3034,Customer_3034,2025-02-24
3035,Customer_3035,2024-11-01
3036,Customer_3036,2024-10-10
3037,Customer_3037,2024-04-17
3038,Customer_3038,2024-10-04
3039,Customer_3039,2024-05-01
3040,Customer_3040,2024-06-28
3041,Customer_3041,2024-09-27
3042,Customer_3042,2022-12-09
3043,Customer_3043,2022-06-19
3044,Customer_3044,2025-03-03
3045,Customer_3045,2022-03-05
3046,Customer_3046,2023-03-28
3047,Customer_3047,2023-08-22
3048,Customer_3048,2022-03-08
3049,Customer_3049,2023-07-17
3050,Customer_3050,2023-04-06
3051,Customer_3051,2025-01-06
3052,Customer_3052,2023-08-15
3053,Customer_3053,2022-12-11
3054,Customer_3054,2024-07-25
3055,Customer_3055,2025-03-04
3056,Customer_3056,2024-10-11
3057,Customer_3057,2025-01-30
3058,Customer_3058,2024-11-12
3059,Customer_3059,2022-08-20
3060,Customer_3060,2025-03-18
3061,Customer_3061,2022-08-22
3062,Customer_3062,2023-07-03
3063,Customer_3063,2025-01-17
3064,Customer_3064,2024-01-22
3065,Customer_3065,2025-01-15
3066,Customer_3066,2022-03-27
3067,Customer_3067,2024-06-22
3068,Customer_3068,2025-01-23
3069,Customer_3069,2023-03-24
3070,Customer_3070,2024-05-20
3071,Customer_3071,2022-07-29
3072,Customer_3072,2023-05-22
3073,Customer_3073,2023-09-02
3074,Customer_3074,2022-03-08
3075,Customer_3075,2024-07-10
3076,Customer_3076,2023-06-23
3077,Customer_3077,2023-12-15
3078,Customer_3078,2022-06-28
3079,Customer_3079,2024-06-18
3080,Customer_3080,2022-08-29
3081,Customer_3081,2023-05-01
3082,Customer_3082,2023-03-06
3083,Customer_3083,2025-04-19
3084,Customer_3084,2023-12-20
3085,Customer_3085,2025-06-03
3086,Customer_3086,2024-05-26
3087,Customer_3087,2022-12-06
3088,Customer_3088,2025-06-15
3089,Customer_3089,2022-10-13
3090,Customer_3090,2023-02-28
3091,Customer_3091,2023-02-28
3092,Customer_3092,2022-05-02
3093,Customer_3093,2025-03-13
3094,Customer_3094,2023-12-20
3095,Customer_3095,2024-12-26
3096,Customer_3096,2023-07-30
3097,Customer_3097,2025-05-07
3098,Customer_3098,2025-01-08
3099,Customer_3099,2022-12-11
3100,Customer_3100,2023-10-25
3101,Customer_3101,2023-08-23
3102,Customer_3102,2023-08-16
3103,Customer_3103,2025-03-18
3104,Customer_3104,2023-07-02
3105,Customer_3105,2024-11-19
3106,Customer_3106,2022-07-15
3107,Customer_3107,2022-10-05
3108,Customer_3108,2024-04-22
3109,Customer_3109,2022-05-02
3110,Customer_3110,2023-07-22
3111,Customer_3111,2022-09-17
3112,Customer_3112,2022-09-29
3113,Customer_3113,2023-05-27
3114,Customer_3114,2022-10-27
3115,Customer_3115,2023-10-22
3116,Customer_3116,2023-05-22
3117,Customer_3117,2024-03-15
3118,Customer_3118,2024-09-29
3119,Customer_3119,2022-10-19
3120,Customer_3120,2025-03-28
3121,Customer_3121,2023-07-05
3122,Customer_3122,2024-04-28
3123,Customer_3123,2024-02-08
3124,Customer_3124,2024-07-14
3125,Customer_3125,2022-06-04
3126,Customer_3126,2022-07-10
3127,Customer_3127,2024-04-05
3128,Customer_3128,2024-11-21
3129,Customer_3129,2023-07-24
3130,Customer_3130,2024-01-26
3131,Customer_3131,2024-07-20
3132,Customer_3132,2024-09-26
3133,Customer_3133,2023-11-02
3134,Customer_3134,2025-04-06
3135,Customer_3135,2022-01-06
3136,Customer_3136,2022-07-10
3137,Customer_3137,2024-07-27
3138,Customer_3138,2024-01-04
3139,Customer_3139,2022-05-10
3140,Customer_3140,2024-12-30
3141,Customer_3141,2024-03-25
3142,Customer_3142,2023-03-23
3143,Customer_3143,2024-05-29
3144,Customer_3144,2023-03-10
3145,Customer_3145,2024-10-10
3146,Customer_3146,2023-07-04
3147,Customer_3147,2023-10-24
3148,Customer_3148,2023-08-04
3149,Customer_3149,2023-11-23
3150,Customer_3150,2025-01-25
3151,Customer_3151,2025-03-29
3152,Customer_3152,2022-09-25
3153,Customer_3153,2025-03-05
3154,Customer_3154,2024-09-20
3155,Customer_3155,2023-12-05
3156,Customer_3156,2022-04-10
3157,Customer_3157,2022-04-05
3158,Customer_3158,2022-07-23
3159,Customer_3159,2024-07-30
3160,Customer_3160,2022-02-03
3161,Customer_3161,2022-09-12
3162,Customer_3162,2022-11-20
3163,Customer_3163,2024-06-22
3164,Customer_3164,2024-07-23
3165,Customer_3165,2022-01-02
3166,Customer_3166,2024-05-26
3167,Customer_3167,2023-02-19
3168,Customer_3168,2022-09-28
3169,Customer_3169,2023-09-11
3170,Customer_3170,2022-11-22
3171,Customer_3171,2023-07-16
3172,Customer_3172,2022-07-11
3173,Customer_3173,2024-01-09
3174,Customer_3174,2023-05-28
3175,Customer_3175,2022-06-18
3176,Customer_3176,2024-02-01
3177,Customer_3177,2022-12-05
3178,Customer_3178,2022-04-17
3179,Customer_3179,2024-03-22
3180,Customer_3180,2023-09-18
3181,Customer_3181,2023-04-25
3182,Customer_3182,2024-05-29
3183,Customer_3183,2022-07-06
3184,Customer_3184,2022-07-14
3185,Customer_3185,2022-01-03
3186,Customer_3186,2023-03-14
3187,Customer_3187,2024-09-03
3188,Customer_3188,2022-06-09
3189,Customer_3189,2022-09-29
3190,Customer_3190,2025-04-30
3191,Customer_3191,2023-04-09
3192,Customer_3192,2024-11-29
3193,Customer_3193,2024-06-30
3194,Customer_3194,2022-01-20
3195,Customer_3195,2022-01-17
3196,Customer_3196,2023-12-05
3197,Customer_3197,2022-09-04
3198,Customer_3198,2024-05-14
3199,Customer_3199,2022-09-28
3200,Customer_3200,2024-09-05
3201,Customer_3201,2022-05-26
3202,Customer_3202,2023-04-14
3203,Customer_3203,2024-02-24
3204,Customer_3204,2022-07-02
3205,Customer_3205,2022-07-29
3206,Customer_3206,2022-07-31
3207,Customer_3207,2023-10-04
3208,Customer_3208,2024-01-23
3209,Customer_3209,2023-09-05
3210,Customer_3210,2022-10-08
3211,Customer_3211,2024-02-23
3212,Customer_3212,2022-09-30
3213,Customer_3213,2022-10-20
3214,Customer_3214,2022-05-21
3215,Customer_3215,2024-12-22
3216,Customer_3216,2025-02-27
3217,Customer_3217,2022-01-18
3218,Customer_3218,2025-06-03
3219,Customer_3219,2022-12-03
3220,Customer_3220,2024-06-20
3221,Customer_3221,2023-12-21
3222,Customer_3222,2023-03-13
3223,Customer_3223,2022-11-07
3224,Customer_3224,2024-04-23
3225,Customer_3225,2025-06-15
3226,Customer_3226,2024-06-25
3227,Customer_3227,2023-03-21
3228,Customer_3228,2022-06-27
3229,Customer_3229,2022-07-25
3230,Customer_3230,2022-10-14
3231,Customer_3231,2022-09-10
3232,Customer_3232,2025-04-22
3233,Customer_3233,2024-02-26
3234,Customer_3234,2023-12-21
3235,Customer_3235,2024-05-29
3236,Customer_3236,2023-10-07
3237,Customer_3237,2022-10-14
3238,Customer_3238,2023-05-23
3239,Customer_3239,2023-07-22
3240,Customer_3240,2022-06-22
3241,Customer_3241,2023-05-24
3242,Customer_3242,2025-02-07
3243,Customer_3243,2025-05-15
3244,Customer_3244,2025-05-13
3245,Customer_3245,2025-05-29
3246,Customer_3246,2023-08-07
3247,Customer_3247,2022-02-24
3248,Customer_3248,2023-09-10
3249,Customer_3249,2023-02-25
3250,Customer_3250,2024-11-26
3251,Customer_3251,2025-05-27
3252,Customer_3252,2024-11-09
3253,Customer_3253,2023-01-22
3254,Customer_3254,2024-03-13
3255,Customer_3255,2023-08-29
3256,Customer_3256,2022-04-22
3257,Customer_3257,2023-05-06
3258,Customer_3258,2024-10-10
3259,Customer_3259,2024-03-01
3260,Customer_3260,2022-08-19
3261,Customer_3261,2023-05-09
3262,Customer_3262,2024-10-20
3263,Customer_3263,2025-05-01
3264,Customer_3264,2022-05-26
3265,Customer_3265,2024-12-17
3266,Customer_3266,2022-01-25
3267,Customer_3267,2024-01-10
3268,Customer_3268,2023-10-11
3269,Customer_3269,2022-09-28
3270,Customer_3270,2024-03-03
3271,Customer_3271,2025-03-10
3272,Customer_3272,2024-05-11
3273,Customer_3273,2024-01-19
3274,Customer_3274,2025-01-23
3275,Customer_3275,2022-12-20
3276,Customer_3276,2024-08-22
3277,Customer_3277,2022-05-30
3278,Customer_3278,2022-02-04
3279,Customer_3279,2025-04-17
3280,Customer_3280,2022-05-19
3281,Customer_3281,2022-01-29
3282,Customer_3282,2023-06-21
3283,Customer_3283,2023-03-18
3284,Customer_3284,2022-03-23
3285,Customer_3285,2022-05-04
3286,Customer_3286,2024-03-26
3287,Customer_3287,2024-11-03
3288,Customer_3288,2023-08-10
3289,Customer_3289,2024-10-23
3290,Customer_3290,2024-04-30
3291,Customer_3291,2024-05-17
3292,Customer_3292,2024-04-03
3293,Customer_3293,2022-06-18
3294,Customer_3294,2025-01-03
3295,Customer_3295,2025-01-06
3296,Customer_3296,2025-06-15
3297,Customer_3297,2022-11-09
3298,Customer_3298,2023-07-23
3299,Customer_3299,2022-06-21
3300,Customer_3300,2023-09-27
3301,Customer_3301,2022-06-11
3302,Customer_3302,2024-11-13
3303,Customer_3303,2023-02-21
3304,Customer_3304,2022-11-15
3305,Customer_3305,2025-01-03
3306,Customer_3306,2023-11-01
3307,Customer_3307,2024-03-11
3308,Customer_3308,2025-04-16
3309,Customer_3309,2022-05-16
3310,Customer_3310,2023-09-28
3311,Customer_3311,2024-06-14
3312,Customer_3312,2023-05-04
3313,Customer_3313,2022-04-29
3314,Customer_3314,2023-05-16
3315,Customer_3315,2022-06-26
3316,Customer_3316,2024-06-08
3317,Customer_3317,2022-08-26
3318,Customer_3318,2024-07-17
3319,Customer_3319,2025-06-07
3320,Customer_3320,2025-05-31
3321,Customer_3321,2022-04-23
3322,Customer_3322,2023-09-26
3323,Customer_3323,2022-12-26
3324,Customer_3324,2022-09-02
3325,Customer_3325,2022-01-26
3326,Customer_3326,2022-10-09
3327,Customer_3327,2022-01-24
3328,Customer_3328,2022-12-02
3329,Customer_3329,2024-10-13
3330,Customer_3330,2023-12-12
3331,Customer_3331,2024-12-07
3332,Customer_3332,2024-11-25
3333,Customer_3333,2023-06-15
3334,Customer_3334,2022-12-08
3335,Customer_3335,2024-02-01
3336,Customer_3336,2022-09-17
3337,Customer_3337,2023-07-05
3338,Customer_3338,2022-08-30
3339,Customer_3339,2022-03-02
3340,Customer_3340,2023-11-18
3341,Customer_3341,2024-05-29
3342,Customer_3342,2023-07-12
3343,Customer_3343,2024-12-08
3344,Customer_3344,2022-05-11
3345,Customer_3345,2023-06-23
3346,Customer_3346,2025-03-26
3347,Customer_3347,2022-06-07
3348,Customer_3348,2024-10-13
3349,Customer_3349,2024-07-21
3350,Customer_3350,2024-11-12
3351,Customer_3351,2024-01-08
3352,Customer_3352,2022-04-24
3353,Customer_3353,2024-10-20
3354,Customer_3354,2025-03-06
3355,Customer_3355,2022-12-08
3356,Customer_3356,2024-01-24
3357,Customer_3357,2022-11-19
3358,Customer_3358,2023-06-07
3359,Customer_3359,2022-07-30
3360,Customer_3360,2025-03-21
3361,Customer_3361,2022-08-25
3362,Customer_3362,2023-04-13
3363,Customer_3363,2024-11-08
3364,Customer_3364,2022-01-06
3365,Customer_3365,2022-04-01
3366,Customer_3366,2022-01-26
3367,Customer_3367,2023-05-16
3368,Customer_3368,2022-04-05
3369,Customer_3369,2024-08-24
3370,Customer_3370,2024-01-16
3371,Customer_3371,2024-02-24
3372,Customer_3372,2022-11-04
3373,Customer_3373,2023-01-02
3374,Customer_3374,2022-03-14
3375,Customer_3375,2025-02-06
3376,Customer_3376,2024-05-08
3377,Customer_3377,2023-04-05
3378,Customer_3378,2023-10-22
3379,Customer_3379,2023-05-24
3380,Customer_3380,2024-05-02
3381,Customer_3381,2023-10-18
3382,Customer_3382,2023-07-10
3383,Customer_3383,2022-06-09
3384,Customer_3384,2025-03-16
3385,Customer_3385,2024-02-03
3386,Customer_3386,2022-09-02
3387,Customer_3387,2024-10-25
3388,Customer_3388,2022-04-18
3389,Customer_3389,2023-01-03
3390,Customer_3390,2023-04-03
3391,Customer_3391,2024-11-22
3392,Customer_3392,2022-04-05
3393,Customer_3393,2024-04-01
3394,Customer_3394,2022-05-22
3395,Customer_3395,2024-08-10
3396,Customer_3396,2023-08-02
3397,Customer_3397,2023-09-29
3398,Customer_3398,2023-11-02
3399,Customer_3399,2022-06-26
3400,Customer_3400,2025-02-06
3401,Customer_3401,2024-07-24
3402,Customer_3402,2022-01-17
3403,Customer_3403,2024-01-26
3404,Customer_3404,2023-02-15
3405,Customer_3405,2023-08-21
3406,Customer_3406,2025-02-28
3407,Customer_3407,2023-09-15
3408,Customer_3408,2025-06-29
3409,Customer_3409,2023-05-12
3410,Customer_3410,2024-08-08
3411,Customer_3411,2024-01-25
3412,Customer_3412,2025-04-26
3413,Customer_3413,2024-10-07
3414,Customer_3414,2023-02-05
3415,Customer_3415,2025-01-24
3416,Customer_3416,2023-05-18
3417,Customer_3417,2022-11-05
3418,Customer_3418,2022-01-14
3419,Customer_3419,2024-04-19
3420,Customer_3420,2022-02-18
3421,Customer_3421,2023-04-23
3422,Customer_3422,2025-01-14
3423,Customer_3423,2023-12-11
3424,Customer_3424,2022-01-20
3425,Customer_3425,2023-11-18
3426,Customer_3426,2022-01-03
3427,Customer_3427,2024-02-10
3428,Customer_3428,2023-09-22
3429,Customer_3429,2022-08-01
3430,Customer_3430,2023-02-25
3431,Customer_3431,2024-12-21
3432,Customer_3432,2023-05-03
3433,Customer_3433,2024-05-09
3434,Customer_3434,2024-10-04
3435,Customer_3435,2022-05-03
3436,Customer_3436,2022-10-19
3437,Customer_3437,2023-07-28
3438,Customer_3438,2022-07-10
3439,Customer_3439,2022-03-31
3440,Customer_3440,2023-04-20
3441,Customer_3441,2024-11-30
3442,Customer_3442,2024-04-25
3443,Customer_3443,2024-02-02
3444,Customer_3444,2024-07-27
3445,Customer_3445,2022-06-23
3446,Customer_3446,2025-04-04
3447,Customer_3447,2022-07-15
3448,Customer_3448,2024-11-01
3449,Customer_3449,2022-10-01
3450,Customer_3450,2024-03-18
3451,Customer_3451,2022-06-03
3452,Customer_3452,2025-04-27
3453,Customer_3453,2025-03-08
3454,Customer_3454,2022-05-08
3455,Customer_3455,2024-06-09
3456,Customer_3456,2022-09-25
3457,Customer_3457,2023-04-30
3458,Customer_3458,2023-08-21
3459,Customer_3459,2023-06-19
3460,Customer_3460,2023-10-08
3461,Customer_3461,2024-03-15
3462,Customer_3462,2023-10-31
3463,Customer_3463,2023-10-14
3464,Customer_3464,2024-07-16
3465,Customer_3465,2023-07-11
3466,Customer_3466,2023-04-24
3467,Customer_3467,2022-06-02
3468,Customer_3468,2023-02-20
3469,Customer_3469,2022-10-06
3470,Customer_3470,2025-04-12
3471,Customer_3471,2022-08-12
3472,Customer_3472,2022-11-15
3473,Customer_3473,2022-08-05
3474,Customer_3474,2022-12-03
3475,Customer_3475,2024-07-09
3476,Customer_3476,2024-08-12
3477,Customer_3477,2023-10-06
3478,Customer_3478,2024-04-12
3479,Customer_3479,2022-09-05
3480,Customer_3480,2025-01-02
3481,Customer_3481,2024-01-04
3482,Customer_3482,2023-03-02
3483,Customer_3483,2024-07-14
3484,Customer_3484,2023-09-24
3485,Customer_3485,2024-08-06
3486,Customer_3486,2023-06-27
3487,Customer_3487,2022-09-03
3488,Customer_3488,2022-07-05
3489,Customer_3489,2022-11-19
3490,Customer_3490,2023-09-16
3491,Customer_3491,2025-05-20
3492,Customer_3492,2022-03-24
3493,Customer_3493,2023-03-17
3494,Customer_3494,2023-11-03
3495,Customer_3495,2022-10-31
3496,Customer_3496,2022-07-06
3497,Customer_3497,2023-05-24
3498,Customer_3498,2023-12-30
3499,Customer_3499,2024-03-22
3500,Customer_3500,2024-11-17
3501,Customer_3501,2022-04-11
3502,Customer_3502,2023-09-05
3503,Customer_3503,2023-06-17
3504,Customer_3504,2022-12-23
3505,Customer_3505,2022-03-05
3506,Customer_3506,2024-04-08
3507,Customer_3507,2024-07-15
3508,Customer_3508,2025-02-12
3509,Customer_3509,2025-01-31
3510,Customer_3510,2023-05-27
3511,Customer_3511,2022-07-13
3512,Customer_3512,2024-08-04
3513,Customer_3513,2022-07-28
3514,Customer_3514,2022-10-14
3515,Customer_3515,2022-09-06
3516,Customer_3516,2022-01-25
3517,Customer_3517,2022-05-07
3518,Customer_3518,2023-04-01
3519,Customer_3519,2022-09-25
3520,Customer_3520,2023-02-10
3521,Customer_3521,2024-03-31
3522,Customer_3522,2024-02-02
3523,Customer_3523,2022-06-22
3524,Customer_3524,2025-04-07
3525,Customer_3525,2025-04-15
3526,Customer_3526,2023-06-15
3527,Customer_3527,2022-06-03
3528,Customer_3528,2022-02-14
3529,Customer_3529,2022-05-13
3530,Customer_3530,2023-02-09
3531,Customer_3531,2024-06-27
3532,Customer_3532,2022-09-21
3533,Customer_3533,2022-07-08
3534,Customer_3534,2023-11-11
3535,Customer_3535,2022-09-08
3536,Customer_3536,2022-03-29
3537,Customer_3537,2024-08-02
3538,Customer_3538,2022-04-14
3539,Customer_3539,2022-12-11
3540,Customer_3540,2025-03-21
3541,Customer_3541,2024-06-06
3542,Customer_3542,2024-03-19
3543,Customer_3543,2024-10-13
3544,Customer_3544,2022-03-02
3545,Customer_3545,2024-02-23
3546,Customer_3546,2024-05-23
3547,Customer_3547,2022-12-20
3548,Customer_3548,2023-12-26
3549,Customer_3549,2023-03-16
3550,Customer_3550,2023-01-19
3551,Customer_3551,2023-07-18
3552,Customer_3552,2023-07-28
3553,Customer_3553,2024-07-02
3554,Customer_3554,2022-11-01
3555,Customer_3555,2022-03-12
3556,Customer_3556,2025-06-11
3557,Customer_3557,2025-06-22
3558,Customer_3558,2025-06-17
3559,Customer_3559,2023-05-19
3560,Customer_3560,2023-08-28
3561,Customer_3561,2024-10-18
3562,Customer_3562,2024-04-23
3563,Customer_3563,2025-02-01
3564,Customer_3564,2024-09-08
3565,Customer_3565,2022-05-05
3566,Customer_3566,2022-06-29
3567,Customer_3567,2023-07-27
3568,Customer_3568,2024-02-24
3569,Customer_3569,2022-10-09
3570,Customer_3570,2024-05-08
3571,Customer_3571,2023-02-13
3572,Customer_3572,2024-12-12
3573,Customer_3573,2023-05-26
3574,Customer_3574,2025-01-18
3575,Customer_3575,2022-02-09
3576,Customer_3576,2024-02-23
3577,Customer_3577,2024-01-06
3578,Customer_3578,2024-09-09
3579,Customer_3579,2025-01-20
3580,Customer_3580,2024-09-19
3581,Customer_3581,2023-12-06
3582,Customer_3582,2025-03-04
3583,Customer_3583,2024-10-25
3584,Customer_3584,2023-10-21
3585,Customer_3585,2024-03-06
3586,Customer_3586,2023-07-08
3587,Customer_3587,2023-01-04
3588,Customer_3588,2022-02-23
3589,Customer_3589,2023-10-16
3590,Customer_3590,2025-05-07
3591,Customer_3591,2023-03-25
3592,Customer_3592,2022-03-02
3593,Customer_3593,2023-07-30
3594,Customer_3594,2022-04-30
3595,Customer_3595,2024-08-24
3596,Customer_3596,2024-12-20
3597,Customer_3597,2024-01-03
3598,Customer_3598,2025-04-11
3599,Customer_3599,2023-04-22
3600,Customer_3600,2022-11-23
3601,Customer_3601,2022-07-25
3602,Customer_3602,2023-05-23
3603,Customer_3603,2023-05-09
3604,Customer_3604,2023-06-30
3605,Customer_3605,2024-12-28
3606,Customer_3606,2022-04-25
3607,Customer_3607,2023-03-26
3608,Customer_3608,2025-03-25
3609,Customer_3609,2024-03-06
3610,Customer_3610,2023-12-28
3611,Customer_3611,2022-12-22
3612,Customer_3612,2022-12-27
3613,Customer_3613,2023-04-30
3614,Customer_3614,2025-04-28
3615,Customer_3615,2023-10-14
3616,Customer_3616,2024-01-05
3617,Customer_3617,2025-04-26
3618,Customer_3618,2022-02-27
3619,Customer_3619,2023-12-22
3620,Customer_3620,2025-03-08
3621,Customer_3621,2025-02-28
3622,Customer_3622,2022-10-19
3623,Customer_3623,2025-02-27
3624,Customer_3624,2023-01-21
3625,Customer_3625,2024-10-05
3626,Customer_3626,2025-01-15
3627,Customer_3627,2023-09-25
3628,Customer_3628,2022-12-26
3629,Customer_3629,2024-10-01
3630,Customer_3630,2022-03-19
3631,Customer_3631,2022-07-04
3632,Customer_3632,2022-04-26
3633,Customer_3633,2023-04-22
3634,Customer_3634,2025-05-17
3635,Customer_3635,2023-03-25
3636,Customer_3636,2022-02-10
3637,Customer_3637,2024-12-14
3638,Customer_3638,2024-09-05
3639,Customer_3639,2022-01-02
3640,Customer_3640,2023-11-11
3641,Customer_3641,2025-06-11
3642,Customer_3642,2023-02-17
3643,Customer_3643,2022-09-25
3644,Customer_3644,2023-11-29
3645,Customer_3645,2022-12-30
3646,Customer_3646,2023-10-25
3647,Customer_3647,2022-05-02
3648,Customer_3648,2022-02-14
3649,Customer_3649,2022-10-30
3650,Customer_3650,2025-04-16
3651,Customer_3651,2022-10-18
3652,Customer_3652,2022-08-16
3653,Customer_3653,2024-12-13
3654,Customer_3654,2024-01-18
3655,Customer_3655,2022-05-29
3656,Customer_3656,2024-02-05
3657,Customer_3657,2024-03-21
3658,Customer_3658,2025-04-15
3659,Customer_3659,2022-07-26
3660,Customer_3660,2023-11-21
3661,Customer_3661,2023-09-11
3662,Customer_3662,2023-10-23
3663,Customer_3663,2022-10-07
3664,Customer_3664,2022-11-19
3665,Customer_3665,2024-06-13
3666,Customer_3666,2024-09-24
3667,Customer_3667,2023-10-12
3668,Customer_3668,2022-12-23
3669,Customer_3669,2025-02-24
3670,Customer_3670,2025-06-10
3671,Customer_3671,2024-01-01
3672,Customer_3672,2023-04-03
3673,Customer_3673,2025-04-21
3674,Customer_3674,2022-12-26
3675,Customer_3675,2024-02-14
3676,Customer_3676,2023-09-21
3677,Customer_3677,2023-08-27
3678,Customer_3678,2022-09-18
3679,Customer_3679,2022-12-30
3680,Customer_3680,2022-01-04
3681,Customer_3681,2025-03-19
3682,Customer_3682,2024-03-12
3683,Customer_3683,2025-03-08
3684,Customer_3684,2022-03-08
3685,Customer_3685,2023-01-08
3686,Customer_3686,2025-05-18
3687,Customer_3687,2023-10-14
3688,Customer_3688,2025-06-06
3689,Customer_3689,2023-03-29
3690,Customer_3690,2025-03-04
3691,Customer_3691,2022-08-02
3692,Customer_3692,2024-10-13
3693,Customer_3693,2022-10-16
3694,Customer_3694,2023-11-10
3695,Customer_3695,2022-06-09
3696,Customer_3696,2023-05-03
3697,Customer_3697,2023-12-12
3698,Customer_3698,2023-10-17
3699,Customer_3699,2022-12-10
3700,Customer_3700,2022-07-01
3701,Customer_3701,2023-11-19
3702,Customer_3702,2024-07-03
3703,Customer_3703,2022-01-24
3704,Customer_3704,2023-06-28
3705,Customer_3705,2023-03-06
3706,Customer_3706,2023-05-27
3707,Customer_3707,2022-05-19
3708,Customer_3708,2023-12-19
3709,Customer_3709,2023-06-10
3710,Customer_3710,2022-08-10
3711,Customer_3711,2022-01-03
3712,Customer_3712,2022-04-09
3713,Customer_3713,2024-03-01
3714,Customer_3714,2024-06-16
3715,Customer_3715,2024-05-09
3716,Customer_3716,2022-12-07
3717,Customer_3717,2024-04-27
3718,Customer_3718,2024-10-06
3719,Customer_3719,2024-02-15
3720,Customer_3720,2023-12-21
3721,Customer_3721,2025-01-23
3722,Customer_3722,2024-02-08
3723,Customer_3723,2022-07-27
3724,Customer_3724,2024-09-08
3725,Customer_3725,2025-03-29
3726,Customer_3726,2023-04-07
3727,Customer_3727,2022-11-30
3728,Customer_3728,2024-07-13
3729,Customer_3729,2022-05-31
3730,Customer_3730,2022-03-10
3731,Customer_3731,2023-08-27
3732,Customer_3732,2022-02-11
3733,Customer_3733,2023-10-15
3734,Customer_3734,2023-06-19
3735,Customer_3735,2022-08-03
3736,Customer_3736,2022-06-01
3737,Customer_3737,2023-12-02
3738,Customer_3738,2022-12-15
3739,Customer_3739,2024-02-08
3740,Customer_3740,2022-11-26
3741,Customer_3741,2022-06-03
3742,Customer_3742,2025-01-25
3743,Customer_3743,2022-07-10
3744,Customer_3744,2023-11-24
3745,Customer_3745,2025-05-01
3746,Customer_3746,2025-06-10
3747,Customer_3747,2024-09-15
3748,Customer_3748,2022-03-05
3749,Customer_3749,2024-06-02
3750,Customer_3750,2022-12-04
3751,Customer_3751,2025-05-28
3752,Customer_3752,2024-06-08
3753,Customer_3753,2022-11-18
3754,Customer_3754,2022-04-20
3755,Customer_3755,2022-07-27
3756,Customer_3756,2023-11-10
3757,Customer_3757,2023-02-25
3758,Customer_3758,2023-01-25
3759,Customer_3759,2024-04-18
3760,Customer_3760,2025-02-08
3761,Customer_3761,2025-01-11
3762,Customer_3762,2023-06-28
3763,Customer_3763,2023-07-31
3764,Customer_3764,2023-09-02
3765,Customer_3765,2023-05-02
3766,Customer_3766,2022-07-16
3767,Customer_3767,2022-04-12
3768,Customer_3768,2024-03-15
3769,Customer_3769,2025-03-16
3770,Customer_3770,2025-01-30
3771,Customer_3771,2024-10-02
3772,Customer_3772,2022-11-11
3773,Customer_3773,2022-04-22
3774,Customer_3774,2024-01-09
3775,Customer_3775,2022-01-08
3776,Customer_3776,2024-05-25
3777,Customer_3777,2022-06-29
3778,Customer_3778,2023-08-27
3779,Customer_3779,2025-05-14
3780,Customer_3780,2024-09-10
3781,Customer_3781,2023-02-13
3782,Customer_3782,2022-07-18
3783,Customer_3783,2022-02-22
3784,Customer_3784,2023-02-28
3785,Customer_3785,2022-12-16
3786,Customer_3786,2023-08-21
3787,Customer_3787,2022-06-17
3788,Customer_3788,2024-08-27
3789,Customer_3789,2022-08-25
3790,Customer_3790,2023-09-24
3791,Customer_3791,2024-03-25
3792,Customer_3792,2024-08-22
3793,Customer_3793,2024-09-28
3794,Customer_3794,2023-06-27
3795,Customer_3795,2022-07-06
3796,Customer_3796,2025-01-19
3797,Customer_3797,2024-03-04
3798,Customer_3798,2023-01-14
3799,Customer_3799,2024-01-30
3800,Customer_3800,2024-02-21
3801,Customer_3801,2024-01-27
3802,Customer_3802,2023-01-18
3803,Customer_3803,2024-07-01
3804,Customer_3804,2022-04-02
3805,Customer_3805,2023-06-24
3806,Customer_3806,2024-06-19
3807,Customer_3807,2024-08-10
3808,Customer_3808,2023-06-24
3809,Customer_3809,2023-04-09
3810,Customer_3810,2023-07-05
3811,Customer_3811,2025-03-01
3812,Customer_3812,2022-05-07
3813,Customer_3813,2022-11-06
3814,Customer_3814,2022-07-18
3815,Customer_3815,2022-06-25
3816,Customer_3816,2023-12-06
3817,Customer_3817,2025-01-13
3818,Customer_3818,2024-04-27
3819,Customer_3819,2025-04-22
3820,Customer_3820,2023-04-11
3821,Customer_3821,2025-02-07
3822,Customer_3822,2022-05-05
3823,Customer_3823,2024-03-03
3824,Customer_3824,2024-12-06
3825,Customer_3825,2024-05-07
3826,Customer_3826,2025-01-01
3827,Customer_3827,2024-08-30
3828,Customer_3828,2025-03-18
3829,Customer_3829,2023-04-28
3830,Customer_3830,2024-09-02
3831,Customer_3831,2023-09-05
3832,Customer_3832,2022-06-11
3833,Customer_3833,2024-03-19
3834,Customer_3834,2022-03-13
3835,Customer_3835,2024-10-25
3836,Customer_3836,2025-03-15
3837,Customer_3837,2024-11-24
3838,Customer_3838,2025-03-16
3839,Customer_3839,2025-06-24
3840,Customer_3840,2022-10-29
3841,Customer_3841,2022-09-04
3842,Customer_3842,2024-07-08
3843,Customer_3843,2022-12-21
3844,Customer_3844,2022-12-09
3845,Customer_3845,2023-03-10
3846,Customer_3846,2023-01-30
3847,Customer_3847,2022-09-16
3848,Customer_3848,2022-03-29
3849,Customer_3849,2024-05-17
3850,Customer_3850,2022-06-10
3851,Customer_3851,2024-06-10
3852,Customer_3852,2023-02-18
3853,Customer_3853,2022-10-30
3854,Customer_3854,2025-05-03
3855,Customer_3855,2023-06-13
3856,Customer_3856,2023-10-17
3857,Customer_3857,2022-05-18
3858,Customer_3858,2022-06-28
3859,Customer_3859,2024-03-05
3860,Customer_3860,2025-02-13
3861,Customer_3861,2024-03-24
3862,Customer_3862,2025-02-04
3863,Customer_3863,2023-10-30
3864,Customer_3864,2023-07-20
3865,Customer_3865,2024-11-30
3866,Customer_3866,2024-07-27
3867,Customer_3867,2022-01-26
3868,Customer_3868,2025-06-30
3869,Customer_3869,2025-04-18
3870,Customer_3870,2024-12-06
3871,Customer_3871,2024-05-09
3872,Customer_3872,2022-08-19
3873,Customer_3873,2024-04-28
3874,Customer_3874,2022-11-03
3875,Customer_3875,2022-10-31
3876,Customer_3876,2025-03-06
3877,Customer_3877,2025-04-19
3878,Customer_3878,2025-04-08
3879,Customer_3879,2022-07-25
3880,Customer_3880,2022-08-05
3881,Customer_3881,2025-02-26
3882,Customer_3882,2022-07-26
3883,Customer_3883,2023-08-09
3884,Customer_3884,2025-01-01
3885,Customer_3885,2023-12-06
3886,Customer_3886,2024-04-21
3887,Customer_3887,2023-06-25
3888,Customer_3888,2024-02-24
3889,Customer_3889,2024-09-21
3890,Customer_3890,2025-03-17
3891,Customer_3891,2025-06-01
3892,Customer_3892,2024-08-26
3893,Customer_3893,2022-03-18
3894,Customer_3894,2022-12-19
3895,Customer_3895,2023-07-19
3896,Customer_3896,2024-04-05
3897,Customer_3897,2022-10-22
3898,Customer_3898,2025-06-20
3899,Customer_3899,2025-05-31
3900,Customer_3900,2024-04-02
3901,Customer_3901,2022-03-21
3902,Customer_3902,2024-03-21
3903,Customer_3903,2023-11-10
3904,Customer_3904,2023-05-02
3905,Customer_3905,2022-04-11
3906,Customer_3906,2024-08-31
3907,Customer_3907,2023-07-05
3908,Customer_3908,2024-02-02
3909,Customer_3909,2022-02-11
3910,Customer_3910,2023-11-23
3911,Customer_3911,2023-09-13
3912,Customer_3912,2023-09-29
3913,Customer_3913,2023-07-29
3914,Customer_3914,2024-10-03
3915,Customer_3915,2022-07-21
3916,Customer_3916,2023-04-12
3917,Customer_3917,2022-10-03
3918,Customer_3918,2023-09-08
3919,Customer_3919,2024-06-26
3920,Customer_3920,2023-10-20
3921,Customer_3921,2023-07-06
3922,Customer_3922,2024-05-03
3923,Customer_3923,2025-05-23
3924,Customer_3924,2022-07-02
3925,Customer_3925,2023-01-20
3926,Customer_3926,2024-06-23
3927,Customer_3927,2023-03-09
3928,Customer_3928,2024-04-13
3929,Customer_3929,2024-09-19
3930,Customer_3930,2024-11-23
3931,Customer_3931,2024-02-05
3932,Customer_3932,2022-04-26
3933,Customer_3933,2024-11-21
3934,Customer_3934,2022-11-22
3935,Customer_3935,2022-05-15
3936,Customer_3936,2023-09-30
3937,Customer_3937,2024-11-03
3938,Customer_3938,2024-04-06
3939,Customer_3939,2022-10-05
3940,Customer_3940,2024-12-09
3941,Customer_3941,2025-03-10
3942,Customer_3942,2022-03-01
3943,Customer_3943,2022-12-22
3944,Customer_3944,2023-01-30
3945,Customer_3945,2023-02-16
3946,Customer_3946,2022-04-29
3947,Customer_3947,2023-05-26
3948,Customer_3948,2022-03-09
3949,Customer_3949,2024-07-23
3950,Customer_3950,2022-04-14
3951,Customer_3951,2024-01-09
3952,Customer_3952,2023-02-12
3953,Customer_3953,2023-07-16
3954,Customer_3954,2024-01-25
3955,Customer_3955,2024-08-08
3956,Customer_3956,2024-10-31
3957,Customer_3957,2024-03-23
3958,Customer_3958,2022-09-11
3959,Customer_3959,2022-03-04
3960,Customer_3960,2023-05-11
3961,Customer_3961,2024-02-02
3962,Customer_3962,2024-09-28
3963,Customer_3963,2025-05-01
3964,Customer_3964,2024-07-02
3965,Customer_3965,2022-12-30
3966,Customer_3966,2024-08-29
3967,Customer_3967,2025-04-16
3968,Customer_3968,2025-02-03
3969,Customer_3969,2023-12-18
3970,Customer_3970,2023-12-07
3971,Customer_3971,2022-12-01
3972,Customer_3972,2023-06-14
3973,Customer_3973,2022-07-05
3974,Customer_3974,2023-08-07
3975,Customer_3975,2022-02-26
3976,Customer_3976,2024-03-02
3977,Customer_3977,2022-04-12
3978,Customer_3978,2022-11-30
3979,Customer_3979,2025-03-17
3980,Customer_3980,2023-03-15
3981,Customer_3981,2023-03-30
3982,Customer_3982,2023-04-07
3983,Customer_3983,2023-02-28
3984,Customer_3984,2023-07-06
3985,Customer_3985,2024-04-18
3986,Customer_3986,2024-11-17
3987,Customer_3987,2022-02-11
3988,Customer_3988,2022-01-19
3989,Customer_3989,2024-08-28
3990,Customer_3990,2022-09-28
3991,Customer_3991,2022-12-21
3992,Customer_3992,2025-05-16
3993,Customer_3993,2022-01-18
3994,Customer_3994,2023-04-04
3995,Customer_3995,2023-06-01
3996,Customer_3996,2025-05-30
3997,Customer_3997,2023-09-18
3998,Customer_3998,2023-07-18
3999,Customer_3999,2024-05-17
4000,Customer_4000,2024-02-11
4001,Customer_4001,2023-12-16
4002,Customer_4002,2024-07-29
4003,Customer_4003,2023-06-01
4004,Customer_4004,2023-03-23
4005,Customer_4005,2024-08-13
4006,Customer_4006,2023-09-11
4007,Customer_4007,2024-12-02
4008,Customer_4008,2024-03-24
4009,Customer_4009,2025-04-12
4010,Customer_4010,2022-07-29
4011,Customer_4011,2022-01-16
4012,Customer_4012,2024-11-13
4013,Customer_4013,2024-02-06
4014,Customer_4014,2025-02-23
4015,Customer_4015,2025-05-01
4016,Customer_4016,2025-06-01
4017,Customer_4017,2023-08-02
4018,Customer_4018,2023-09-04
4019,Customer_4019,2022-08-10
4020,Customer_4020,2024-09-13
4021,Customer_4021,2022-05-11
4022,Customer_4022,2023-11-20
4023,Customer_4023,2023-07-21
4024,Customer_4024,2023-10-28
4025,Customer_4025,2023-07-22
4026,Customer_4026,2023-06-19
4027,Customer_4027,2023-09-04
4028,Customer_4028,2023-01-21
4029,Customer_4029,2022-11-04
4030,Customer_4030,2024-11-25
4031,Customer_4031,2023-05-08
4032,Customer_4032,2022-04-27
4033,Customer_4033,2025-05-13
4034,Customer_4034,2024-04-07
4035,Customer_4035,2023-10-17
4036,Customer_4036,2022-10-14
4037,Customer_4037,2022-02-22
4038,Customer_4038,2024-10-15
4039,Customer_4039,2023-08-29
4040,Customer_4040,2023-06-16
4041,Customer_4041,2024-05-07
4042,Customer_4042,2024-04-08
4043,Customer_4043,2024-03-06
4044,Customer_4044,2022-03-14
4045,Customer_4045,2025-04-09
4046,Customer_4046,2025-03-17
4047,Customer_4047,2023-01-24
4048,Customer_4048,2023-12-04
4049,Customer_4049,2023-04-01
4050,Customer_4050,2024-12-30
4051,Customer_4051,2024-09-01
4052,Customer_4052,2024-01-05
4053,Customer_4053,2024-11-04
4054,Customer_4054,2023-09-07
4055,Customer_4055,2022-12-15
4056,Customer_4056,2025-02-17
4057,Customer_4057,2023-01-06
4058,Customer_4058,2023-08-25
4059,Customer_4059,2022-07-19
4060,Customer_4060,2024-08-22
4061,Customer_4061,2022-09-20
4062,Customer_4062,2023-06-14
4063,Customer_4063,2025-02-18
4064,Customer_4064,2023-01-10
4065,Customer_4065,2023-11-19
4066,Customer_4066,2022-07-02
4067,Customer_4067,2023-04-01
4068,Customer_4068,2023-12-29
4069,Customer_4069,2023-04-03
4070,Customer_4070,2023-09-21
4071,Customer_4071,2024-05-11
4072,Customer_4072,2023-11-10
4073,Customer_4073,2024-02-01
4074,Customer_4074,2023-06-18
4075,Customer_4075,2025-04-14
4076,Customer_4076,2023-08-26
4077,Customer_4077,2024-08-07
4078,Customer_4078,2022-08-30
4079,Customer_4079,2024-08-21
4080,Customer_4080,2022-04-20
4081,Customer_4081,2025-04-10
4082,Customer_4082,2025-04-03
4083,Customer_4083,2025-06-25
4084,Customer_4084,2022-05-26
4085,Customer_4085,2024-08-25
4086,Customer_4086,2023-02-03
4087,Customer_4087,2024-10-21
4088,Customer_4088,2022-09-03
4089,Customer_4089,2024-02-21
4090,Customer_4090,2024-12-21
4091,Customer_4091,2023-09-04
4092,Customer_4092,2024-04-26
4093,Customer_4093,2022-04-21
4094,Customer_4094,2022-11-05
4095,Customer_4095,2022-10-09
4096,Customer_4096,2023-02-15
4097,Customer_4097,2023-12-03
4098,Customer_4098,2024-04-18
4099,Customer_4099,2025-03-12
4100,Customer_4100,2024-07-26
4101,Customer_4101,2022-10-21
4102,Customer_4102,2023-10-10
4103,Customer_4103,2023-01-05
4104,Customer_4104,2022-06-15
4105,Customer_4105,2024-09-25
4106,Customer_4106,2023-11-13
4107,Customer_4107,2022-12-29
4108,Customer_4108,2023-10-04
4109,Customer_4109,2022-04-29
4110,Customer_4110,2022-01-10
4111,Customer_4111,2024-07-14
4112,Customer_4112,2023-07-15
4113,Customer_4113,2023-03-05
4114,Customer_4114,2022-12-12
4115,Customer_4115,2025-03-26
4116,Customer_4116,2022-11-21
4117,Customer_4117,2024-09-29
4118,Customer_4118,2022-06-30
4119,Customer_4119,2022-09-23
4120,Customer_4120,2025-06-12
4121,Customer_4121,2024-06-07
4122,Customer_4122,2024-05-29
4123,Customer_4123,2024-04-06
4124,Customer_4124,2024-05-28
4125,Customer_4125,2024-09-04
4126,Customer_4126,2024-02-25
4127,Customer_4127,2022-01-10
4128,Customer_4128,2022-03-19
4129,Customer_4129,2024-12-29
4130,Customer_4130,2023-02-13
4131,Customer_4131,2024-02-04
4132,Customer_4132,2022-01-29
4133,Customer_4133,2023-10-22
4134,Customer_4134,2024-12-23
4135,Customer_4135,2023-01-26
4136,Customer_4136,2022-02-06
4137,Customer_4137,2022-01-09
4138,Customer_4138,2023-05-25
4139,Customer_4139,2023-04-09
4140,Customer_4140,2023-12-07
4141,Customer_4141,2023-10-02
4142,Customer_4142,2022-09-22
4143,Customer_4143,2022-07-30
4144,Customer_4144,2024-02-25
4145,Customer_4145,2024-10-27
4146,Customer_4146,2025-04-20
4147,Customer_4147,2023-09-19
4148,Customer_4148,2022-12-09
4149,Customer_4149,2022-05-14
4150,Customer_4150,2022-04-04
4151,Customer_4151,2023-09-03
4152,Customer_4152,2023-08-19
4153,Customer_4153,2024-07-22
4154,Customer_4154,2024-12-01
4155,Customer_4155,2025-05-06
4156,Customer_4156,2024-12-09
4157,Customer_4157,2023-11-23
4158,Customer_4158,2024-06-07
4159,Customer_4159,2022-10-02
4160,Customer_4160,2023-12-03
4161,Customer_4161,2024-09-30
4162,Customer_4162,2024-01-06
4163,Customer_4163,2023-01-21
4164,Customer_4164,2022-12-04
4165,Customer_4165,2024-04-06
4166,Customer_4166,2022-02-09
4167,Customer_4167,2023-04-13
4168,Customer_4168,2023-04-05
4169,Customer_4169,2022-09-26
4170,Customer_4170,2023-03-09
4171,Customer_4171,2022-02-14
4172,Customer_4172,2025-04-22
4173,Customer_4173,2024-10-30
4174,Customer_4174,2022-12-13
4175,Customer_4175,2022-09-10
4176,Customer_4176,2024-01-21
4177,Customer_4177,2022-03-18
4178,Customer_4178,2024-02-08
4179,Customer_4179,2023-06-08
4180,Customer_4180,2024-12-31
4181,Customer_4181,2025-06-30
4182,Customer_4182,2022-04-10
4183,Customer_4183,2025-05-01
4184,Customer_4184,2022-04-09
4185,Customer_4185,2022-08-10
4186,Customer_4186,2022-02-10
4187,Customer_4187,2022-04-09
4188,Customer_4188,2022-08-26
4189,Customer_4189,2024-05-03
4190,Customer_4190,2024-06-28
4191,Customer_4191,2024-02-18
4192,Customer_4192,2022-09-11
4193,Customer_4193,2025-01-25
4194,Customer_4194,2023-06-02
4195,Customer_4195,2024-08-29
4196,Customer_4196,2022-11-10
4197,Customer_4197,2023-02-25
4198,Customer_4198,2022-01-20
4199,Customer_4199,2023-09-09
4200,Customer_4200,2024-05-11
4201,Customer_4201,2022-07-26
4202,Customer_4202,2024-12-01
4203,Customer_4203,2023-07-07
4204,Customer_4204,2025-06-29
4205,Customer_4205,2025-05-25
4206,Customer_4206,2022-10-08
4207,Customer_4207,2024-05-07
4208,Customer_4208,2022-08-03
4209,Customer_4209,2024-11-13
4210,Customer_4210,2025-06-19
4211,Customer_4211,2022-08-30
4212,Customer_4212,2023-08-02
4213,Customer_4213,2022-08-22
4214,Customer_4214,2022-08-06
4215,Customer_4215,2024-10-16
4216,Customer_4216,2023-02-11
4217,Customer_4217,2025-06-01
4218,Customer_4218,2023-02-14
4219,Customer_4219,2023-06-23
4220,Customer_4220,2024-12-07
4221,Customer_4221,2023-02-18
4222,Customer_4222,2024-01-04
4223,Customer_4223,2024-04-19
4224,Customer_4224,2023-08-28
4225,Customer_4225,2022-11-25
4226,Customer_4226,2022-03-22
4227,Customer_4227,2025-01-27
4228,Customer_4228,2024-10-13
4229,Customer_4229,2023-03-02
4230,Customer_4230,2024-09-11
4231,Customer_4231,2023-11-09
4232,Customer_4232,2023-04-26
4233,Customer_4233,2022-01-06
4234,Customer_4234,2022-01-27
4235,Customer_4235,2022-07-02
4236,Customer_4236,2022-08-15
4237,Customer_4237,2025-03-21
4238,Customer_4238,2024-10-08
4239,Customer_4239,2022-11-02
4240,Customer_4240,2022-07-04
4241,Customer_4241,2024-11-13
4242,Customer_4242,2022-06-03
4243,Customer_4243,2022-07-27
4244,Customer_4244,2023-06-09
4245,Customer_4245,2023-04-19
4246,Customer_4246,2024-07-24
4247,Customer_4247,2023-08-30
4248,Customer_4248,2023-06-25
4249,Customer_4249,2024-08-08
4250,Customer_4250,2022-04-13
4251,Customer_4251,2022-07-24
4252,Customer_4252,2022-12-24
4253,Customer_4253,2022-03-22
4254,Customer_4254,2023-08-19
4255,Customer_4255,2024-01-08
4256,Customer_4256,2023-10-03
4257,Customer_4257,2024-05-22
4258,Customer_4258,2022-08-26
4259,Customer_4259,2022-07-14
4260,Customer_4260,2022-04-04
4261,Customer_4261,2022-01-20
4262,Customer_4262,2022-10-11
4263,Customer_4263,2022-12-16
4264,Customer_4264,2023-11-05
4265,Customer_4265,2024-01-03
4266,Customer_4266,2024-06-15
4267,Customer_4267,2025-06-27
4268,Customer_4268,2023-07-04
4269,Customer_4269,2022-07-10
4270,Customer_4270,2024-02-03
4271,Customer_4271,2023-12-03
4272,Customer_4272,2023-01-10
4273,Customer_4273,2022-08-22
4274,Customer_4274,2024-03-31
4275,Customer_4275,2024-03-30
4276,Customer_4276,2024-07-23
4277,Customer_4277,2023-07-11
4278,Customer_4278,2024-02-29
4279,Customer_4279,2024-09-06
4280,Customer_4280,2024-05-13
4281,Customer_4281,2022-12-08
4282,Customer_4282,2022-08-20
4283,Customer_4283,2022-09-29
4284,Customer_4284,2022-05-01
4285,Customer_4285,2022-11-23
4286,Customer_4286,2022-08-01
4287,Customer_4287,2024-05-02
4288,Customer_4288,2025-04-24
4289,Customer_4289,2024-09-15
4290,Customer_4290,2025-03-11
4291,Customer_4291,2024-06-16
4292,Customer_4292,2023-01-07
4293,Customer_4293,2025-06-05
4294,Customer_4294,2024-02-17
4295,Customer_4295,2024-01-05
4296,Customer_4296,2025-06-06
4297,Customer_4297,2022-03-01
4298,Customer_4298,2022-09-25
4299,Customer_4299,2024-09-16
4300,Customer_4300,2024-09-26
4301,Customer_4301,2022-08-20
4302,Customer_4302,2024-04-22
4303,Customer_4303,2024-06-21
4304,Customer_4304,2022-04-05
4305,Customer_4305,2022-05-10
4306,Customer_4306,2023-06-20
4307,Customer_4307,2023-10-06
4308,Customer_4308,2022-01-26
4309,Customer_4309,2024-12-10
4310,Customer_4310,2025-03-26
4311,Customer_4311,2025-03-03
4312,Customer_4312,2023-04-04
4313,Customer_4313,2023-11-24
4314,Customer_4314,2024-11-29
4315,Customer_4315,2024-12-07
4316,Customer_4316,2025-06-20
4317,Customer_4317,2022-07-15
4318,Customer_4318,2024-06-05
4319,Customer_4319,2023-05-25
4320,Customer_4320,2024-09-13
4321,Customer_4321,2023-12-10
4322,Customer_4322,2024-02-28
4323,Customer_4323,2022-11-01
4324,Customer_4324,2025-02-17
4325,Customer_4325,2025-06-09
4326,Customer_4326,2022-04-22
4327,Customer_4327,2022-01-24
4328,Customer_4328,2022-11-18
4329,Customer_4329,2024-11-01
4330,Customer_4330,2024-08-19
4331,Customer_4331,2024-10-12
4332,Customer_4332,2022-12-05
4333,Customer_4333,2022-06-03
4334,Customer_4334,2024-10-03
4335,Customer_4335,2023-10-19
4336,Customer_4336,2023-05-09
4337,Customer_4337,2023-11-09
4338,Customer_4338,2023-07-24
4339,Customer_4339,2022-04-14
4340,Customer_4340,2024-11-04
4341,Customer_4341,2023-04-02
4342,Customer_4342,2025-02-01
4343,Customer_4343,2024-02-15
4344,Customer_4344,2024-04-05
4345,Customer_4345,2023-04-27
4346,Customer_4346,2022-06-11
4347,Customer_4347,2024-07-29
4348,Customer_4348,2024-06-28
4349,Customer_4349,2025-03-19
4350,Customer_4350,2024-07-06
4351,Customer_4351,2022-06-30
4352,Customer_4352,2024-10-17
4353,Customer_4353,2024-07-04
4354,Customer_4354,2023-10-10
4355,Customer_4355,2022-09-01
4356,Customer_4356,2024-10-15
4357,Customer_4357,2022-02-06
4358,Customer_4358,2022-07-30
4359,Customer_4359,2024-04-06
4360,Customer_4360,2024-04-24
4361,Customer_4361,2022-03-15
4362,Customer_4362,2025-02-15
4363,Customer_4363,2025-01-29
4364,Customer_4364,2022-01-01
4365,Customer_4365,2022-07-06
4366,Customer_4366,2025-05-22
4367,Customer_4367,2025-06-21
4368,Customer_4368,2023-09-16
4369,Customer_4369,2024-11-07
4370,Customer_4370,2025-02-25
4371,Customer_4371,2023-02-28
4372,Customer_4372,2024-07-23
4373,Customer_4373,2023-11-30
4374,Customer_4374,2024-01-15
4375,Customer_4375,2022-04-22
4376,Customer_4376,2023-04-02
4377,Customer_4377,2024-07-19
4378,Customer_4378,2023-11-11
4379,Customer_4379,2025-02-21
4380,Customer_4380,2025-06-23
4381,Customer_4381,2025-05-13
4382,Customer_4382,2024-08-26
4383,Customer_4383,2024-01-15
4384,Customer_4384,2024-07-15
4385,Customer_4385,2022-08-22
4386,Customer_4386,2022-07-19
4387,Customer_4387,2023-03-31
4388,Customer_4388,2022-01-05
4389,Customer_4389,2023-12-01
4390,Customer_4390,2023-12-29
4391,Customer_4391,2023-08-21
4392,Customer_4392,2025-01-26
4393,Customer_4393,2024-12-05
4394,Customer_4394,2024-02-05
4395,Customer_4395,2022-08-06
4396,Customer_4396,2022-04-04
4397,Customer_4397,2022-12-03
4398,Customer_4398,2024-10-05
4399,Customer_4399,2022-10-15
4400,Customer_4400,2024-04-18
4401,Customer_4401,2022-08-08
4402,Customer_4402,2023-06-05
4403,Customer_4403,2025-06-05
4404,Customer_4404,2023-02-06
4405,Customer_4405,2023-01-20
4406,Customer_4406,2022-09-05
4407,Customer_4407,2024-03-15
4408,Customer_4408,2023-03-18
4409,Customer_4409,2024-07-25
4410,Customer_4410,2023-01-26
4411,Customer_4411,2023-11-24
4412,Customer_4412,2022-08-09
4413,Customer_4413,2024-04-28
4414,Customer_4414,2022-04-06
4415,Customer_4415,2025-04-20
4416,Customer_4416,2022-09-10
4417,Customer_4417,2024-07-11
4418,Customer_4418,2024-07-25
4419,Customer_4419,2025-04-21
4420,Customer_4420,2024-10-29
4421,Customer_4421,2022-10-03
4422,Customer_4422,2024-10-18
4423,Customer_4423,2022-01-09
4424,Customer_4424,2024-12-22
4425,Customer_4425,2022-04-10
4426,Customer_4426,2025-02-07
4427,Customer_4427,2024-06-05
4428,Customer_4428,2025-04-13
4429,Customer_4429,2024-09-16
4430,Customer_4430,2024-11-07
4431,Customer_4431,2022-12-29
4432,Customer_4432,2025-03-30
4433,Customer_4433,2022-12-22
4434,Customer_4434,2022-09-20
4435,Customer_4435,2022-08-01
4436,Customer_4436,2024-03-04
4437,Customer_4437,2025-05-14
4438,Customer_4438,2025-05-26
4439,Customer_4439,2023-10-22
4440,Customer_4440,2024-10-29
4441,Customer_4441,2024-02-27
4442,Customer_4442,2024-05-07
4443,Customer_4443,2025-06-01
4444,Customer_4444,2023-05-24
4445,Customer_4445,2023-07-15
4446,Customer_4446,2024-03-25
4447,Customer_4447,2023-12-04
4448,Customer_4448,2023-08-26
4449,Customer_4449,2024-07-16
4450,Customer_4450,2022-10-01
4451,Customer_4451,2022-10-10
4452,Customer_4452,2024-04-25
4453,Customer_4453,2025-05-18
4454,Customer_4454,2024-11-15
4455,Customer_4455,2023-09-05
4456,Customer_4456,2025-01-26
4457,Customer_4457,2023-10-05
4458,Customer_4458,2025-02-07
4459,Customer_4459,2023-03-22
4460,Customer_4460,2023-02-16
4461,Customer_4461,2023-03-06
4462,Customer_4462,2023-08-19
4463,Customer_4463,2023-12-09
4464,Customer_4464,2022-09-29
4465,Customer_4465,2022-12-31
4466,Customer_4466,2024-10-28
4467,Customer_4467,2025-01-16
4468,Customer_4468,2023-10-23
4469,Customer_4469,2022-08-25
4470,Customer_4470,2023-12-23
4471,Customer_4471,2025-02-25
4472,Customer_4472,2024-09-10
4473,Customer_4473,2025-04-08
4474,Customer_4474,2025-03-14
4475,Customer_4475,2024-05-04
4476,Customer_4476,2024-12-29
4477,Customer_4477,2023-08-09
4478,Customer_4478,2024-05-15
4479,Customer_4479,2022-01-27
4480,Customer_4480,2024-12-06
4481,Customer_4481,2022-08-07
4482,Customer_4482,2022-02-21
4483,Customer_4483,2024-02-20
4484,Customer_4484,2022-10-25
4485,Customer_4485,2022-04-19
4486,Customer_4486,2022-04-26
4487,Customer_4487,2023-02-14
4488,Customer_4488,2023-07-01
4489,Customer_4489,2022-11-26
4490,Customer_4490,2023-08-10
4491,Customer_4491,2023-05-29
4492,Customer_4492,2022-10-27
4493,Customer_4493,2022-05-08
4494,Customer_4494,2023-08-28
4495,Customer_4495,2023-02-22
4496,Customer_4496,2025-01-13
4497,Customer_4497,2022-03-08
4498,Customer_4498,2024-01-05
4499,Customer_4499,2024-07-15
4500,Customer_4500,2022-07-29
4501,Customer_4501,2025-06-15
4502,Customer_4502,2025-02-24
4503,Customer_4503,2023-04-05
4504,Customer_4504,2025-02-23
4505,Customer_4505,2024-03-07
4506,Customer_4506,2023-05-02
4507,Customer_4507,2024-11-12
4508,Customer_4508,2023-08-13
4509,Customer_4509,2022-04-07
4510,Customer_4510,2024-02-21
4511,Customer_4511,2024-03-04
4512,Customer_4512,2024-05-03
4513,Customer_4513,2023-10-03
4514,Customer_4514,2025-02-04
4515,Customer_4515,2022-04-21
4516,Customer_4516,2022-01-27
4517,Customer_4517,2023-05-30
4518,Customer_4518,2023-02-20
4519,Customer_4519,2025-06-24
4520,Customer_4520,2024-06-26
4521,Customer_4521,2023-04-07
4522,Customer_4522,2024-01-24
4523,Customer_4523,2025-04-20
4524,Customer_4524,2025-01-24
4525,Customer_4525,2025-05-20
4526,Customer_4526,2023-02-07
4527,Customer_4527,2023-02-01
4528,Customer_4528,2023-08-26
4529,Customer_4529,2024-07-08
4530,Customer_4530,2022-12-30
4531,Customer_4531,2022-06-02
4532,Customer_4532,2023-01-18
4533,Customer_4533,2022-12-22
4534,Customer_4534,2024-11-18
4535,Customer_4535,2022-09-02
4536,Customer_4536,2024-02-12
4537,Customer_4537,2022-03-25
4538,Customer_4538,2024-05-27
4539,Customer_4539,2023-07-26
4540,Customer_4540,2025-02-13
4541,Customer_4541,2023-06-26
4542,Customer_4542,2022-09-24
4543,Customer_4543,2022-11-26
4544,Customer_4544,2025-04-11
4545,Customer_4545,2023-06-07
4546,Customer_4546,2022-01-12
4547,Customer_4547,2023-11-08
4548,Customer_4548,2024-08-13
4549,Customer_4549,2022-11-14
4550,Customer_4550,2022-03-23
4551,Customer_4551,2022-11-11
4552,Customer_4552,2023-10-23
4553,Customer_4553,2025-05-07
4554,Customer_4554,2022-04-15
4555,Customer_4555,2025-06-14
4556,Customer_4556,2023-09-09
4557,Customer_4557,2024-10-01
4558,Customer_4558,2025-03-18
4559,Customer_4559,2025-01-31
4560,Customer_4560,2024-01-04
4561,Customer_4561,2022-05-30
4562,Customer_4562,2023-10-13
4563,Customer_4563,2024-12-12
4564,Customer_4564,2023-03-27
4565,Customer_4565,2023-01-12
4566,Customer_4566,2024-12-02
4567,Customer_4567,2022-05-20
4568,Customer_4568,2024-10-31
4569,Customer_4569,2022-11-23
4570,Customer_4570,2024-05-01
4571,Customer_4571,2025-01-17
4572,Customer_4572,2025-01-04
4573,Customer_4573,2024-04-06
4574,Customer_4574,2022-07-08
4575,Customer_4575,2023-12-17
4576,Customer_4576,2023-03-30
4577,Customer_4577,2023-03-13
4578,Customer_4578,2023-11-11
4579,Customer_4579,2023-11-10
4580,Customer_4580,2024-01-09
4581,Customer_4581,2023-08-25
4582,Customer_4582,2023-03-24
4583,Customer_4583,2025-06-20
4584,Customer_4584,2024-12-22
4585,Customer_4585,2024-08-30
4586,Customer_4586,2025-02-23
4587,Customer_4587,2022-01-19
4588,Customer_4588,2022-08-23
4589,Customer_4589,2023-12-10
4590,Customer_4590,2024-07-01
4591,Customer_4591,2023-05-08
4592,Customer_4592,2025-06-10
4593,Customer_4593,2025-06-26
4594,Customer_4594,2023-05-15
4595,Customer_4595,2022-03-23
4596,Customer_4596,2023-10-20
4597,Customer_4597,2024-02-21
4598,Customer_4598,2022-08-21
4599,Customer_4599,2024-03-01
4600,Customer_4600,2023-06-10
4601,Customer_4601,2025-01-11
4602,Customer_4602,2023-08-03
4603,Customer_4603,2022-02-20
4604,Customer_4604,2024-11-24
4605,Customer_4605,2024-02-07
4606,Customer_4606,2024-11-19
4607,Customer_4607,2024-11-07
4608,Customer_4608,2024-07-01
4609,Customer_4609,2024-09-23
4610,Customer_4610,2022-03-31
4611,Customer_4611,2023-08-31
4612,Customer_4612,2023-01-30
4613,Customer_4613,2023-10-19
4614,Customer_4614,2024-11-18
4615,Customer_4615,2022-06-18
4616,Customer_4616,2022-07-16
4617,Customer_4617,2022-12-09
4618,Customer_4618,2025-01-06
4619,Customer_4619,2024-12-28
4620,Customer_4620,2022-01-16
4621,Customer_4621,2022-05-15
4622,Customer_4622,2023-03-08
4623,Customer_4623,2023-03-13
4624,Customer_4624,2024-05-18
4625,Customer_4625,2022-08-01
4626,Customer_4626,2023-02-26
4627,Customer_4627,2025-01-06
4628,Customer_4628,2024-06-10
4629,Customer_4629,2022-05-28
4630,Customer_4630,2022-11-11
4631,Customer_4631,2022-02-18
4632,Customer_4632,2024-07-29
4633,Customer_4633,2023-11-11
4634,Customer_4634,2022-03-19
4635,Customer_4635,2022-06-29
4636,Customer_4636,2022-05-31
4637,Customer_4637,2022-04-22
4638,Customer_4638,2022-12-31
4639,Customer_4639,2023-05-31
4640,Customer_4640,2025-02-16
4641,Customer_4641,2022-05-25
4642,Customer_4642,2025-03-23
4643,Customer_4643,2023-04-12
4644,Customer_4644,2023-06-14
4645,Customer_4645,2024-04-14
4646,Customer_4646,2024-03-05
4647,Customer_4647,2024-07-12
4648,Customer_4648,2024-04-08
4649,Customer_4649,2024-06-05
4650,Customer_4650,2023-10-10
4651,Customer_4651,2022-02-04
4652,Customer_4652,2024-03-08
4653,Customer_4653,2022-08-31
4654,Customer_4654,2024-12-31
4655,Customer_4655,2022-01-13
4656,Customer_4656,2025-06-20
4657,Customer_4657,2022-05-10
4658,Customer_4658,2025-04-14
4659,Customer_4659,2022-04-04
4660,Customer_4660,2022-05-29
4661,Customer_4661,2024-01-03
4662,Customer_4662,2024-10-26
4663,Customer_4663,2022-08-06
4664,Customer_4664,2023-08-17
4665,Customer_4665,2023-09-10
4666,Customer_4666,2025-05-27
4667,Customer_4667,2022-06-27
4668,Customer_4668,2023-07-31
4669,Customer_4669,2024-06-15
4670,Customer_4670,2024-02-21
4671,Customer_4671,2024-03-20
4672,Customer_4672,2022-03-05
4673,Customer_4673,2024-08-28
4674,Customer_4674,2022-11-17
4675,Customer_4675,2024-12-28
4676,Customer_4676,2023-03-27
4677,Customer_4677,2022-10-07
4678,Customer_4678,2024-03-11
4679,Customer_4679,2025-01-22
4680,Customer_4680,2023-08-28
4681,Customer_4681,2022-10-23
4682,Customer_4682,2023-09-03
4683,Customer_4683,2024-02-04
4684,Customer_4684,2022-01-23
4685,Customer_4685,2025-02-07
4686,Customer_4686,2025-02-10
4687,Customer_4687,2022-10-17
4688,Customer_4688,2022-09-10
4689,Customer_4689,2022-03-27
4690,Customer_4690,2022-01-11
4691,Customer_4691,2025-03-18
4692,Customer_4692,2025-05-06
4693,Customer_4693,2024-03-18
4694,Customer_4694,2025-01-05
4695,Customer_4695,2025-01-26
4696,Customer_4696,2022-06-24
4697,Customer_4697,2023-09-17
4698,Customer_4698,2023-03-07
4699,Customer_4699,2023-12-06
4700,Customer_4700,2023-03-10
4701,Customer_4701,2024-04-25
4702,Customer_4702,2024-11-15
4703,Customer_4703,2022-10-19
4704,Customer_4704,2022-11-26
4705,Customer_4705,2023-01-12
4706,Customer_4706,2023-03-29
4707,Customer_4707,2025-06-17
4708,Customer_4708,2023-06-02
4709,Customer_4709,2023-02-02
4710,Customer_4710,2022-08-23
4711,Customer_4711,2023-01-07
4712,Customer_4712,2025-03-07
4713,Customer_4713,2022-04-22
4714,Customer_4714,2025-01-29
4715,Customer_4715,2024-08-02
4716,Customer_4716,2025-01-30
4717,Customer_4717,2022-05-30
4718,Customer_4718,2023-08-19
4719,Customer_4719,2022-05-18
4720,Customer_4720,2023-05-29
4721,Customer_4721,2022-07-21
4722,Customer_4722,2023-02-09
4723,Customer_4723,2025-04-04
4724,Customer_4724,2024-09-24
4725,Customer_4725,2023-11-09
4726,Customer_4726,2024-01-02
4727,Customer_4727,2022-09-20
4728,Customer_4728,2023-04-26
4729,Customer_4729,2022-07-24
4730,Customer_4730,2023-08-07
4731,Customer_4731,2025-06-22
4732,Customer_4732,2022-05-23
4733,Customer_4733,2023-02-01
4734,Customer_4734,2023-10-13
4735,Customer_4735,2024-09-22
4736,Customer_4736,2024-07-11
4737,Customer_4737,2023-11-04
4738,Customer_4738,2025-06-16
4739,Customer_4739,2023-09-19
4740,Customer_4740,2025-04-11
4741,Customer_4741,2022-11-09
4742,Customer_4742,2025-03-04
4743,Customer_4743,2025-03-06
4744,Customer_4744,2024-01-17
4745,Customer_4745,2023-10-10
4746,Customer_4746,2024-05-27
4747,Customer_4747,2022-12-12
4748,Customer_4748,2022-01-10
4749,Customer_4749,2023-10-04
4750,Customer_4750,2023-05-20
4751,Customer_4751,2023-03-30
4752,Customer_4752,2024-06-12
4753,Customer_4753,2023-07-21
4754,Customer_4754,2024-01-07
4755,Customer_4755,2022-10-03
4756,Customer_4756,2023-11-11
4757,Customer_4757,2024-09-09
4758,Customer_4758,2024-08-05
4759,Customer_4759,2024-07-01
4760,Customer_4760,2024-01-05
4761,Customer_4761,2023-09-18
4762,Customer_4762,2024-09-24
4763,Customer_4763,2025-02-03
4764,Customer_4764,2022-08-11
4765,Customer_4765,2022-12-26
4766,Customer_4766,2025-05-27
4767,Customer_4767,2022-06-17
4768,Customer_4768,2023-07-29
4769,Customer_4769,2022-10-14
4770,Customer_4770,2025-01-08
4771,Customer_4771,2023-02-07
4772,Customer_4772,2023-06-24
4773,Customer_4773,2022-06-06
4774,Customer_4774,2022-06-04
4775,Customer_4775,2022-02-08
4776,Customer_4776,2024-11-04
4777,Customer_4777,2022-03-05
4778,Customer_4778,2025-04-06
4779,Customer_4779,2025-03-31
4780,Customer_4780,2024-04-09
4781,Customer_4781,2025-04-23
4782,Customer_4782,2023-03-12
4783,Customer_4783,2022-03-17
4784,Customer_4784,2025-02-03
4785,Customer_4785,2023-06-18
4786,Customer_4786,2025-01-18
4787,Customer_4787,2025-01-10
4788,Customer_4788,2024-08-24
4789,Customer_4789,2022-11-01
4790,Customer_4790,2024-01-20
4791,Customer_4791,2024-03-14
4792,Customer_4792,2023-04-03
4793,Customer_4793,2025-04-22
4794,Customer_4794,2023-08-19
4795,Customer_4795,2022-10-02
4796,Customer_4796,2024-08-09
4797,Customer_4797,2024-10-23
4798,Customer_4798,2024-11-11
4799,Customer_4799,2022-07-05
4800,Customer_4800,2024-03-23
4801,Customer_4801,2024-01-16
4802,Customer_4802,2024-10-25
4803,Customer_4803,2022-01-22
4804,Customer_4804,2023-05-05
4805,Customer_4805,2025-06-11
4806,Customer_4806,2022-12-06
4807,Customer_4807,2024-11-18
4808,Customer_4808,2022-10-15
4809,Customer_4809,2024-07-02
4810,Customer_4810,2022-11-23
4811,Customer_4811,2023-01-02
4812,Customer_4812,2025-03-05
4813,Customer_4813,2025-03-04
4814,Customer_4814,2022-10-27
4815,Customer_4815,2024-09-17
4816,Customer_4816,2024-01-05
4817,Customer_4817,2022-03-24
4818,Customer_4818,2023-03-25
4819,Customer_4819,2024-09-25
4820,Customer_4820,2023-04-20
4821,Customer_4821,2022-05-09
4822,Customer_4822,2023-06-26
4823,Customer_4823,2024-01-27
4824,Customer_4824,2023-04-25
4825,Customer_4825,2022-03-29
4826,Customer_4826,2023-02-28
4827,Customer_4827,2024-11-26
4828,Customer_4828,2024-01-10
4829,Customer_4829,2024-03-05
4830,Customer_4830,2024-08-19
4831,Customer_4831,2024-07-20
4832,Customer_4832,2022-04-06
4833,Customer_4833,2022-03-23
4834,Customer_4834,2023-10-26
4835,Customer_4835,2022-07-31
4836,Customer_4836,2024-12-03
4837,Customer_4837,2023-07-15
4838,Customer_4838,2023-06-24
4839,Customer_4839,2025-03-31
4840,Customer_4840,2025-01-19
4841,Customer_4841,2025-03-13
4842,Customer_4842,2022-12-23
4843,Customer_4843,2024-02-11
4844,Customer_4844,2024-02-15
4845,Customer_4845,2024-01-19
4846,Customer_4846,2025-04-18
4847,Customer_4847,2022-06-09
4848,Customer_4848,2024-11-24
4849,Customer_4849,2023-05-31
4850,Customer_4850,2024-02-10
4851,Customer_4851,2023-04-02
4852,Customer_4852,2024-11-23
4853,Customer_4853,2024-04-11
4854,Customer_4854,2023-12-24
4855,Customer_4855,2023-12-08
4856,Customer_4856,2024-09-24
4857,Customer_4857,2024-09-14
4858,Customer_4858,2025-05-22
4859,Customer_4859,2022-01-14
4860,Customer_4860,2024-10-24
4861,Customer_4861,2022-10-12
4862,Customer_4862,2024-06-19
4863,Customer_4863,2022-12-06
4864,Customer_4864,2023-04-17
4865,Customer_4865,2022-06-07
4866,Customer_4866,2024-11-19
4867,Customer_4867,2023-07-30
4868,Customer_4868,2023-03-10
4869,Customer_4869,2022-11-04
4870,Customer_4870,2023-01-18
4871,Customer_4871,2022-11-19
4872,Customer_4872,2024-01-12
4873,Customer_4873,2025-05-17
4874,Customer_4874,2022-08-31
4875,Customer_4875,2023-04-17
4876,Customer_4876,2024-04-29
4877,Customer_4877,2023-11-08
4878,Customer_4878,2022-08-21
4879,Customer_4879,2024-09-13
4880,Customer_4880,2024-09-07
4881,Customer_4881,2024-09-08
4882,Customer_4882,2023-03-08
4883,Customer_4883,2025-04-24
4884,Customer_4884,2022-11-27
4885,Customer_4885,2024-04-21
4886,Customer_4886,2022-02-15
4887,Customer_4887,2023-05-15
4888,Customer_4888,2022-03-30
4889,Customer_4889,2022-09-19
4890,Customer_4890,2025-03-20
4891,Customer_4891,2025-04-28
4892,Customer_4892,2022-11-26
4893,Customer_4893,2022-10-03
4894,Customer_4894,2024-11-15
4895,Customer_4895,2022-03-22
4896,Customer_4896,2025-03-18
4897,Customer_4897,2022-10-28
4898,Customer_4898,2022-04-25
4899,Customer_4899,2022-12-07
4900,Customer_4900,2023-06-13
4901,Customer_4901,2023-01-04
4902,Customer_4902,2024-11-24
4903,Customer_4903,2024-04-10
4904,Customer_4904,2025-05-12
4905,Customer_4905,2025-02-28
4906,Customer_4906,2022-02-08
4907,Customer_4907,2023-08-04
4908,Customer_4908,2022-06-25
4909,Customer_4909,2023-03-20
4910,Customer_4910,2024-07-08
4911,Customer_4911,2025-05-27
4912,Customer_4912,2024-08-23
4913,Customer_4913,2024-09-13
4914,Customer_4914,2022-12-16
4915,Customer_4915,2023-03-26
4916,Customer_4916,2024-04-21
4917,Customer_4917,2025-05-15
4918,Customer_4918,2022-10-20
4919,Customer_4919,2025-04-08
4920,Customer_4920,2023-01-08
4921,Customer_4921,2025-06-30
4922,Customer_4922,2024-11-12
4923,Customer_4923,2023-06-26
4924,Customer_4924,2022-12-10
4925,Customer_4925,2023-12-03
4926,Customer_4926,2024-07-17
4927,Customer_4927,2025-05-06
4928,Customer_4928,2025-04-24
4929,Customer_4929,2022-05-21
4930,Customer_4930,2023-04-16
4931,Customer_4931,2024-02-14
4932,Customer_4932,2024-02-29
4933,Customer_4933,2022-09-28
4934,Customer_4934,2022-08-11
4935,Customer_4935,2022-02-03
4936,Customer_4936,2023-02-19
4937,Customer_4937,2024-12-06
4938,Customer_4938,2024-10-29
4939,Customer_4939,2024-05-09
4940,Customer_4940,2022-11-03
4941,Customer_4941,2025-05-25
4942,Customer_4942,2022-07-17
4943,Customer_4943,2022-12-30
4944,Customer_4944,2024-09-01
4945,Customer_4945,2025-06-13
4946,Customer_4946,2025-05-13
4947,Customer_4947,2022-03-21
4948,Customer_4948,2024-12-24
4949,Customer_4949,2024-10-27
4950,Customer_4950,2022-08-29
4951,Customer_4951,2022-07-10
4952,Customer_4952,2024-09-14
4953,Customer_4953,2022-09-24
4954,Customer_4954,2025-05-20
4955,Customer_4955,2025-01-09
4956,Customer_4956,2022-01-03
4957,Customer_4957,2024-06-02
4958,Customer_4958,2024-12-05
4959,Customer_4959,2024-05-11
4960,Customer_4960,2024-01-29
4961,Customer_4961,2022-03-30
4962,Customer_4962,2024-12-21
4963,Customer_4963,2024-05-28
4964,Customer_4964,2023-04-15
4965,Customer_4965,2024-09-14
4966,Customer_4966,2024-02-20
4967,Customer_4967,2023-12-19
4968,Customer_4968,2025-04-21
4969,Customer_4969,2025-03-25
4970,Customer_4970,2022-07-20
4971,Customer_4971,2024-05-21
4972,Customer_4972,2022-10-02
4973,Customer_4973,2023-06-06
4974,Customer_4974,2024-09-04
4975,Customer_4975,2023-04-22
4976,Customer_4976,2022-06-21
4977,Customer_4977,2023-08-04
4978,Customer_4978,2025-05-10
4979,Customer_4979,2025-01-18
4980,Customer_4980,2024-04-16
4981,Customer_4981,2023-06-12
4982,Customer_4982,2023-01-23
4983,Customer_4983,2022-01-12
4984,Customer_4984,2022-01-15
4985,Customer_4985,2025-03-29
4986,Customer_4986,2024-12-06
4987,Customer_4987,2022-08-30
4988,Customer_4988,2024-11-30
4989,Customer_4989,2022-01-15
4990,Customer_4990,2024-02-08
4991,Customer_4991,2023-02-25
4992,Customer_4992,2023-10-09
4993,Customer_4993,2024-04-17
4994,Customer_4994,2024-01-12
4995,Customer_4995,2022-08-07
4996,Customer_4996,2022-11-13
4997,Customer_4997,2024-05-22
4998,Customer_4998,2025-04-13
4999,Customer_4999,2023-06-04
5000,Customer_5000,2023-06-20
